id,Annee,v1,v2,lat_v1,lng_v1,lat_v2,lng_v2,Dessertes,Pax_Total,Pax_reg,Pax_Non_rég,Fret_Total
457,2014,AJACCIO,BALE-MULHOUSE,41.92,8.80,47.59,7.53,206,27494,27355,139,0
579,2019,AJACCIO,BALE-MULHOUSE,41.92,8.80,47.59,7.53,382,57525,57466,59,0
632,2019,AJACCIO,BEAUVAIS,41.92,8.80,49.45,2.11,52,7010,7010,0,0
360,2009,AJACCIO,BORDEAUX,41.92,8.80,44.83,-0.80,149,11555,6062,5493,
447,2014,AJACCIO,BORDEAUX,41.92,8.80,44.83,-0.80,539,45132,44835,297,0
577,2019,AJACCIO,BORDEAUX,41.92,8.80,44.83,-0.80,532,74937,74937,0,0
477,2014,AJACCIO,BREST,41.92,8.80,48.45,-4.42,148,13109,13055,54,0
623,2019,AJACCIO,BREST,41.92,8.80,48.45,-4.42,118,15487,15294,193,0
482,2014,AJACCIO,CAEN,41.92,8.80,49.17,-0.45,105,10599,10501,98,0
598,2019,AJACCIO,CAEN,41.92,8.80,49.17,-0.45,250,31777,31713,64,0
358,2009,AJACCIO,LILLE,41.92,8.80,50.56,3.09,144,12004,11406,598,
461,2014,AJACCIO,LILLE,41.92,8.80,50.56,3.09,236,24213,23618,595,0
590,2019,AJACCIO,LILLE,41.92,8.80,50.56,3.09,327,40237,39981,256,0
85,1999,AJACCIO,LYON,41.92,8.80,45.73,5.08,451,35897,23976,11921,1
215,2004,AJACCIO,LYON,41.92,8.80,45.73,5.08,1001,54005,50072,3933,1.0
345,2009,AJACCIO,LYON,41.92,8.80,45.73,5.08,552,27387,22963,4424,
443,2014,AJACCIO,LYON,41.92,8.80,45.73,5.08,464,50479,50219,260,0
565,2019,AJACCIO,LYON,41.92,8.80,45.73,5.08,862,101967,101932,35,1
48,1999,AJACCIO,MARSEILLE,41.92,8.80,43.44,5.21,4167,247172,246416,756,1897.9
184,2004,AJACCIO,MARSEILLE,41.92,8.80,43.44,5.21,3723,253134,251782,1352,3990
293,2009,AJACCIO,MARSEILLE,41.92,8.80,43.44,5.21,3925,264624,263832,792,3693.1
404,2014,AJACCIO,MARSEILLE,41.92,8.80,43.44,5.21,3341,242534,242146,388,4755
541,2019,AJACCIO,MARSEILLE,41.92,8.80,43.44,5.21,3323,253218,252282,936,7026
102,1999,AJACCIO,MONTPELLIER,41.92,8.80,43.58,3.96,1504,27238,27208,30,1261.4
496,2014,AJACCIO,MONTPELLIER,41.92,8.80,43.58,3.96,96,5700,5405,295,0
625,2019,AJACCIO,MONTPELLIER,41.92,8.80,43.58,3.96,94,13442,13442,0,0
90,1999,AJACCIO,NANTES,41.92,8.80,47.16,-1.61,269,33855,,33855,0
239,2004,AJACCIO,NANTES,41.92,8.80,47.16,-1.61,210,21186,16271,4915,0.1
349,2009,AJACCIO,NANTES,41.92,8.80,47.16,-1.61,264,24622,8519,16103,4.5
430,2014,AJACCIO,NANTES,41.92,8.80,47.16,-1.61,695,73072,73008,64,0
559,2019,AJACCIO,NANTES,41.92,8.80,47.16,-1.61,794,111333,110837,496,0
54,1999,AJACCIO,NICE,41.92,8.80,43.67,7.21,3215,148608,147797,811,172.6
192,2004,AJACCIO,NICE,41.92,8.80,43.67,7.21,2598,120075,119534,541,118.9
299,2009,AJACCIO,NICE,41.92,8.80,43.67,7.21,2727,116506,116385,121,11.3
421,2014,AJACCIO,NICE,41.92,8.80,43.67,7.21,2407,108105,107999,106,61
561,2019,AJACCIO,NICE,41.92,8.80,43.67,7.21,1952,107723,107507,216,17
475,2014,AJACCIO,STRASBOURG,41.92,8.80,48.54,7.63,170,13838,13838,0,0
599,2019,AJACCIO,STRASBOURG,41.92,8.80,48.54,7.63,270,31668,31668,0,0
121,1999,AJACCIO,TOULOUSE,41.92,8.80,43.63,1.37,189,16750,,16750,0
257,2004,AJACCIO,TOULOUSE,41.92,8.80,43.63,1.37,153,10665,6573,4092,0.5
363,2009,AJACCIO,TOULOUSE,41.92,8.80,43.63,1.37,135,10282,5642,4640,
449,2014,AJACCIO,TOULOUSE,41.92,8.80,43.63,1.37,479,39950,39888,62,0
587,2019,AJACCIO,TOULOUSE,41.92,8.80,43.63,1.37,438,48365,48359,6,0
127,1999,ANGERS,CLERMONT-FERRAND,47.56,-0.31,45.79,3.16,1007,15504,15504,,3
131,1999,ANGOULEME,CLERMONT-FERRAND,45.73,0.22,45.79,3.16,940,14181,14181,,2
354,2009,BALE-MULHOUSE,BORDEAUX,47.59,7.53,44.83,-0.80,133,16109,16013,96,
123,1999,BALE-MULHOUSE,BORDEAUX,47.59,7.53,44.83,-0.80,705,16438,16398,40,14
335,2009,BALE-MULHOUSE,LYON,47.59,7.53,45.73,5.08,1465,36978,36978,0,0.2
344,2009,BALE-MULHOUSE,MARSEILLE,47.59,7.53,43.44,5.21,1048,27788,27717,71,
313,2009,BALE-MULHOUSE,NICE,47.59,7.53,43.67,7.21,733,90783,90542,241,
106,1999,BALE-MULHOUSE,CLERMONT-FERRAND,47.59,7.53,45.79,3.16,1068,23062,23055,7,2
256,2004,BALE-MULHOUSE,CLERMONT-FERRAND,47.59,7.53,45.79,3.16,740,12237,12237,0,1.0
119,1999,BALE-MULHOUSE,LILLE,47.59,7.53,50.56,3.09,1161,17747,17598,149,0
103,1999,BALE-MULHOUSE,LYON,47.59,7.53,45.73,5.08,2411,27046,27009,37,1
224,2004,BALE-MULHOUSE,LYON,47.59,7.53,45.73,5.08,1839,38061,37838,223,2.0
141,1999,BALE-MULHOUSE,MARSEILLE,47.59,7.53,43.44,5.21,905,11647,11430,217,8
118,1999,BALE-MULHOUSE,NICE,47.59,7.53,43.67,7.21,967,18250,18138,112,6
247,2004,BALE-MULHOUSE,NICE,47.59,7.53,43.67,7.21,743,16426,16396,30,0.1
254,2004,BALE-MULHOUSE,RENNES,47.59,7.53,48.07,-1.73,831,13638,13612,26,1.9
135,1999,BALE-MULHOUSE,TOULOUSE,47.59,7.53,43.63,1.37,766,13199,12905,294,52
495,2014,BASTIA,BALE-MULHOUSE,42.55,9.48,47.59,7.53,50,5868,5601,267,0
605,2019,BASTIA,BALE-MULHOUSE,42.55,9.48,47.59,7.53,197,27573,27500,73,0
459,2014,BASTIA,BORDEAUX,42.55,9.48,44.83,-0.80,311,25118,24912,206,0
586,2019,BASTIA,BORDEAUX,42.55,9.48,44.83,-0.80,361,48849,48670,179,3
481,2014,BASTIA,BREST,42.55,9.48,48.45,-4.42,128,11309,10985,324,0
621,2019,BASTIA,BREST,42.55,9.48,48.45,-4.42,134,16248,16243,5,0
610,2019,BASTIA,CAEN,42.55,9.48,49.17,-0.45,161,21029,20958,71,0
473,2014,BASTIA,LILLE,42.55,9.48,50.56,3.09,192,16132,15704,428,0
591,2019,BASTIA,LILLE,42.55,9.48,50.56,3.09,330,39572,39217,355,3
105,1999,BASTIA,LYON,42.55,9.48,45.73,5.08,346,23799,20450,3349,4
221,2004,BASTIA,LYON,42.55,9.48,45.73,5.08,772,38500,38316,184,0.1
319,2009,BASTIA,LYON,42.55,9.48,45.73,5.08,868,69900,68190,1710,
448,2014,BASTIA,LYON,42.55,9.48,45.73,5.08,410,44235,43937,298,0
568,2019,BASTIA,LYON,42.55,9.48,45.73,5.08,809,91062,90932,130,4
47,1999,BASTIA,MARSEILLE,42.55,9.48,43.44,5.21,4360,251173,249092,2081,1235.4
185,2004,BASTIA,MARSEILLE,42.55,9.48,43.44,5.21,4174,250922,249789,1133,4705
296,2009,BASTIA,MARSEILLE,42.55,9.48,43.44,5.21,4198,249318,248966,352,3997.9
405,2014,BASTIA,MARSEILLE,42.55,9.48,43.44,5.21,3305,231665,231154,511,3436
540,2019,BASTIA,MARSEILLE,42.55,9.48,43.44,5.21,2970,260000,259552,448,2420
111,1999,BASTIA,MONTPELLIER,42.55,9.48,43.58,3.96,1139,21251,14885,6366,5
629,2019,BASTIA,MONTPELLIER,42.55,9.48,43.58,3.96,546,10562,10552,10,2737
440,2014,BASTIA,NANTES,42.55,9.48,47.16,-1.61,561,53521,51095,2426,6
567,2019,BASTIA,NANTES,42.55,9.48,47.16,-1.61,665,91239,91235,4,0
56,1999,BASTIA,NICE,42.55,9.48,43.67,7.21,3376,134381,134059,322,279.3
194,2004,BASTIA,NICE,42.55,9.48,43.67,7.21,2560,111420,111031,389,105.8
303,2009,BASTIA,NICE,42.55,9.48,43.67,7.21,2473,101649,101475,174,9.0
423,2014,BASTIA,NICE,42.55,9.48,43.67,7.21,2380,101248,100684,564,57
562,2019,BASTIA,NICE,42.55,9.48,43.67,7.21,1929,106406,106059,347,6
483,2014,BASTIA,STRASBOURG,42.55,9.48,48.54,7.63,135,10380,10380,0,0
597,2019,BASTIA,STRASBOURG,42.55,9.48,48.54,7.63,262,31871,31696,175,0
453,2014,BASTIA,TOULOUSE,42.55,9.48,43.63,1.37,274,29667,29532,135,0
585,2019,BASTIA,TOULOUSE,42.55,9.48,43.63,1.37,399,51213,51208,5,0
441,2014,BEAUVAIS,BEZIERS,49.45,2.11,43.32,3.35,362,52389,52389,0,0
578,2019,BEAUVAIS,BEZIERS,49.45,2.11,43.32,3.35,363,59433,59433,0,0
458,2014,BEAUVAIS,FIGARI,49.45,2.11,41.50,9.10,189,26703,26703,0,0
615,2019,BEAUVAIS,FIGARI,49.45,2.11,41.50,9.10,120,19607,19607,0,0
310,2009,BEAUVAIS,MARSEILLE,49.45,2.11,43.44,5.21,739,91633,91633,0,
641,2019,BIARRITZ,BALE-MULHOUSE,43.47,-1.53,47.59,7.53,42,5765,5761,4,0
144,1999,BIARRITZ,CLERMONT-FERRAND,43.47,-1.53,45.79,3.16,635,11049,10990,59,1
235,2004,BIARRITZ,CLERMONT-FERRAND,43.47,-1.53,45.79,3.16,1136,22544,22515,29,1.3
616,2019,BIARRITZ,LILLE,43.47,-1.53,50.56,3.09,153,19499,19485,14,0
81,1999,BIARRITZ,LYON,43.47,-1.53,45.73,5.08,1772,37952,37780,172,1
200,2004,BIARRITZ,LYON,43.47,-1.53,45.73,5.08,1811,79553,78743,810,0.8
300,2009,BIARRITZ,LYON,43.47,-1.53,45.73,5.08,1948,111777,111716,61,0.5
419,2014,BIARRITZ,LYON,43.47,-1.53,45.73,5.08,2003,113006,112607,399,0
553,2019,BIARRITZ,LYON,43.47,-1.53,45.73,5.08,1644,130620,130527,93,0
336,2009,BIARRITZ,MARSEILLE,43.47,-1.53,43.44,5.21,290,33436,33345,91,
462,2014,BIARRITZ,MARSEILLE,43.47,-1.53,43.44,5.21,215,23820,23778,42,0
619,2019,BIARRITZ,MARSEILLE,43.47,-1.53,43.44,5.21,150,16889,16804,85,0
116,1999,BIARRITZ,NICE,43.47,-1.53,43.67,7.21,724,18625,18603,227,0
489,2014,BIARRITZ,NICE,43.47,-1.53,43.67,7.21,151,7567,7524,43,0
627,2019,BIARRITZ,NICE,43.47,-1.53,43.67,7.21,142,11740,11691,49,0
486,2014,BIARRITZ,STRASBOURG,43.47,-1.53,48.54,7.63,110,8419,8419,0,0
420,2014,BORDEAUX,BALE-MULHOUSE,44.83,-0.80,47.59,7.53,775,110989,110898,91,0
552,2019,BORDEAUX,BALE-MULHOUSE,44.83,-0.80,47.59,7.53,917,137346,137308,38,0
488,2014,BORDEAUX,BREST,44.83,-0.80,48.45,-4.42,718,7653,7342,311,0
602,2019,BORDEAUX,BREST,44.83,-0.80,48.45,-4.42,1271,30199,29874,325,6
494,2014,BORDEAUX,CALVI,44.83,-0.80,42.52,8.79,87,5877,5877,0,0
100,1999,BORDEAUX,CLERMONT-FERRAND,44.83,-0.80,45.79,3.16,1658,28503,28499,4,4
238,2004,BORDEAUX,CLERMONT-FERRAND,44.83,-0.80,45.79,3.16,1162,21357,21337,20,2.1
480,2014,BORDEAUX,FIGARI,44.83,-0.80,41.50,9.10,178,12254,12212,42,0
604,2019,BORDEAUX,FIGARI,44.83,-0.80,41.50,9.10,241,28715,28670,45,0
80,1999,BORDEAUX,LILLE,44.83,-0.80,50.56,3.09,1216,38328,38172,156,1
217,2004,BORDEAUX,LILLE,44.83,-0.80,50.56,3.09,1671,51608,51428,180,1.3
323,2009,BORDEAUX,LILLE,44.83,-0.80,50.56,3.09,1764,60465,60240,225,1.0
415,2014,BORDEAUX,LILLE,44.83,-0.80,50.56,3.09,2077,136365,136210,155,0
543,2019,BORDEAUX,LILLE,44.83,-0.80,50.56,3.09,2454,227815,227533,282,1
49,1999,BORDEAUX,LYON,44.83,-0.80,45.73,5.08,3902,235262,234674,588,578.8
183,2004,BORDEAUX,LYON,44.83,-0.80,45.73,5.08,3000,258293,257852,441,6.4
290,2009,BORDEAUX,LYON,44.83,-0.80,45.73,5.08,4612,431680,431387,293,10.2
398,2014,BORDEAUX,LYON,44.83,-0.80,45.73,5.08,5534,458128,457386,742,0
531,2019,BORDEAUX,LYON,44.83,-0.80,45.73,5.08,5203,582186,581753,433,1
60,1999,BORDEAUX,MARSEILLE,44.83,-0.80,43.44,5.21,1954,123060,121470,1590,6
189,2004,BORDEAUX,MARSEILLE,44.83,-0.80,43.44,5.21,2398,137418,136959,459,2.3
297,2009,BORDEAUX,MARSEILLE,44.83,-0.80,43.44,5.21,3165,157902,157650,252,11.0
403,2014,BORDEAUX,MARSEILLE,44.83,-0.80,43.44,5.21,2774,243546,243080,466,0
534,2019,BORDEAUX,MARSEILLE,44.83,-0.80,43.44,5.21,3828,426631,426256,375,16
145,1999,BORDEAUX,METZ-NANCY,44.83,-0.80,48.98,6.25,840,10463,10293,170,0
101,1999,BORDEAUX,MONTPELLIER,44.83,-0.80,43.58,3.96,1384,27261,27066,195,24
634,2019,BORDEAUX,MONTPELLIER,44.83,-0.80,43.58,3.96,758,6756,6584,172,7
92,1999,BORDEAUX,NANTES,44.83,-0.80,47.16,-1.61,2053,32758,32130,628,146
226,2004,BORDEAUX,NANTES,44.83,-0.80,47.16,-1.61,2277,37411,36721,690,1133.3
342,2009,BORDEAUX,NANTES,44.83,-0.80,47.16,-1.61,2155,28332,27959,373,528.0
472,2014,BORDEAUX,NANTES,44.83,-0.80,47.16,-1.61,1371,16356,16109,247,89
630,2019,BORDEAUX,NANTES,44.83,-0.80,47.16,-1.61,867,7760,7488,272,6
62,1999,BORDEAUX,NICE,44.83,-0.80,43.67,7.21,3367,110954,101886,9068,2
205,2004,BORDEAUX,NICE,44.83,-0.80,43.67,7.21,1451,69227,68623,604,0.4
317,2009,BORDEAUX,NICE,44.83,-0.80,43.67,7.21,1367,75459,75187,272,0.4
411,2014,BORDEAUX,NICE,44.83,-0.80,43.67,7.21,1862,154431,153890,541,0
539,2019,BORDEAUX,NICE,44.83,-0.80,43.67,7.21,2008,270622,270041,581,0
146,1999,BORDEAUX,RENNES,44.83,-0.80,48.07,-1.73,639,10221,10128,93,0.2
248,2004,BORDEAUX,RENNES,44.83,-0.80,48.07,-1.73,1378,15656,15425,231,308.1
498,2014,BORDEAUX,RENNES,44.83,-0.80,48.07,-1.73,707,5439,5283,156,0
636,2019,BORDEAUX,RENNES,44.83,-0.80,48.07,-1.73,739,6524,6365,159,4
86,1999,BORDEAUX,STRASBOURG,44.83,-0.80,48.54,7.63,1710,35734,17958,17776,3
214,2004,BORDEAUX,STRASBOURG,44.83,-0.80,48.54,7.63,1693,55976,55627,349,1.4
326,2009,BORDEAUX,STRASBOURG,44.83,-0.80,48.54,7.63,1780,59186,59180,6,1.0
426,2014,BORDEAUX,STRASBOURG,44.83,-0.80,48.54,7.63,1552,86946,86946,0,0
554,2019,BORDEAUX,STRASBOURG,44.83,-0.80,48.54,7.63,942,129571,129336,235,0
626,2019,BREST,FIGARI,48.45,-4.42,41.50,9.10,103,12515,12430,85,0
642,2019,BREST,LILLE,48.45,-4.42,50.56,3.09,234,5231,4661,570,0
72,1999,BREST,LYON,48.45,-4.42,45.73,5.08,1689,49104,49062,42,4
206,2004,BREST,LYON,48.45,-4.42,45.73,5.08,1863,68502,68495,7,35.1
311,2009,BREST,LYON,48.45,-4.42,45.73,5.08,1878,91612,91612,0,21.0
413,2014,BREST,LYON,48.45,-4.42,45.73,5.08,2076,141517,141267,250,12
549,2019,BREST,LYON,48.45,-4.42,45.73,5.08,2127,166465,166089,376,0
242,2004,BREST,MARSEILLE,48.45,-4.42,43.44,5.21,504,19062,19059,3,0.1
307,2009,BREST,MARSEILLE,48.45,-4.42,43.44,5.21,644,93753,93753,0,
416,2014,BREST,MARSEILLE,48.45,-4.42,43.44,5.21,887,130286,130235,51,0
556,2019,BREST,MARSEILLE,48.45,-4.42,43.44,5.21,728,125173,124702,471,3
612,2019,BREST,MONTPELLIER,48.45,-4.42,43.58,3.96,150,20618,20541,77,0
95,1999,BREST,NANTES,48.45,-4.42,47.16,-1.61,2103,31600,31507,93,6
233,2004,BREST,NANTES,48.45,-4.42,47.16,-1.61,1363,23439,23438,1,3.2
143,1999,BREST,NICE,48.45,-4.42,43.67,7.21,494,11408,11408,,0
251,2004,BREST,NICE,48.45,-4.42,43.67,7.21,498,15485,15471,14,0.2
499,2014,BREST,NICE,48.45,-4.42,43.67,7.21,82,5396,5099,297,0
455,2014,BREST,TOULON,48.45,-4.42,43.10,6.15,209,28629,28627,2,0
603,2019,BREST,TOULON,48.45,-4.42,43.10,6.15,210,29269,29222,47,0
108,1999,BREST,TOULON,48.45,-4.42,43.10,6.15,211,22173,25,22148,0
255,2004,BREST,TOULON,48.45,-4.42,43.10,6.15,119,12351,,12351,
346,2009,BREST,TOULON,48.45,-4.42,43.10,6.15,225,26516,26516,0,
595,2019,BREST,TOULOUSE,48.45,-4.42,43.63,1.37,275,34734,34661,73,0
122,1999,CAEN,CLERMONT-FERRAND,49.17,-0.45,45.79,3.16,1020,16602,16574,28,3
618,2019,CAEN,FIGARI,49.17,-0.45,41.50,9.10,165,18554,18554,0,0
84,1999,CAEN,LYON,49.17,-0.45,45.73,5.08,1267,36057,36057,,0
203,2004,CAEN,LYON,49.17,-0.45,45.73,5.08,1880,76440,76398,42,1.7
318,2009,CAEN,LYON,49.17,-0.45,45.73,5.08,1832,73122,73122,0,0.3
428,2014,CAEN,LYON,49.17,-0.45,45.73,5.08,1666,82000,81940,60,0
558,2019,CAEN,LYON,49.17,-0.45,45.73,5.08,1661,111912,111796,116,0
580,2019,CAEN,MARSEILLE,49.17,-0.45,43.44,5.21,863,57402,57317,85,0
606,2019,CAEN,TOULOUSE,49.17,-0.45,43.63,1.37,197,25285,25211,74,0
638,2019,CALVI,BALE-MULHOUSE,42.52,8.79,47.59,7.53,44,6160,6155,5,0
635,2019,CALVI,LYON,42.52,8.79,45.73,5.08,115,6724,6670,54,0
74,1999,CALVI,MARSEILLE,42.52,8.79,43.44,5.21,1091,48511,48446,65,38
222,2004,CALVI,MARSEILLE,42.52,8.79,43.44,5.21,977,38437,38379,58,1.3
330,2009,CALVI,MARSEILLE,42.52,8.79,43.44,5.21,1316,53812,53795,17,1.5
439,2014,CALVI,MARSEILLE,42.52,8.79,43.44,5.21,1348,54579,54578,1,1
581,2019,CALVI,MARSEILLE,42.52,8.79,43.44,5.21,1125,56916,56886,30,1
479,2014,CALVI,NANTES,42.52,8.79,47.16,-1.61,164,12476,12476,0,0
88,1999,CALVI,NICE,42.52,8.79,43.67,7.21,1090,34157,33619,538,9
234,2004,CALVI,NICE,42.52,8.79,43.67,7.21,842,23300,23284,16,0.3
339,2009,CALVI,NICE,42.52,8.79,43.67,7.21,996,29952,29899,53,
456,2014,CALVI,NICE,42.52,8.79,43.67,7.21,919,27719,27690,29,4
601,2019,CALVI,NICE,42.52,8.79,43.67,7.21,808,30687,30611,76,6
476,2014,CHALONS,NICE,48.77,4.06,43.67,7.21,128,13240,12067,1173,0
136,1999,CLERMONT-FERRAND,DIJON,45.79,3.16,47.27,5.09,921,13037,12930,107,1
137,1999,CLERMONT-FERRAND,LA-ROCHELLE,45.79,3.16,46.18,-1.20,801,12885,12885,,2
142,1999,CLERMONT-FERRAND,LILLE,45.79,3.16,50.56,3.09,1244,11574,11573,1,0
252,2004,CLERMONT-FERRAND,LILLE,45.79,3.16,50.56,3.09,1118,15324,15241,83,5.2
356,2009,CLERMONT-FERRAND,LILLE,45.79,3.16,50.56,3.09,869,14522,14522,0,2.5
132,1999,CLERMONT-FERRAND,LIMOGES,45.79,3.16,45.86,1.18,1109,13912,13162,750,2
130,1999,CLERMONT-FERRAND,LYON,45.79,3.16,45.73,5.08,994,14445,14439,6,7
250,2004,CLERMONT-FERRAND,LYON,45.79,3.16,45.73,5.08,1068,15489,15454,35,17.0
347,2009,CLERMONT-FERRAND,LYON,45.79,3.16,45.73,5.08,1351,26503,26503,0,1.7
465,2014,CLERMONT-FERRAND,LYON,45.79,3.16,45.73,5.08,874,23114,23059,55,1
89,1999,CLERMONT-FERRAND,MARSEILLE,45.79,3.16,43.44,5.21,1669,33874,33829,45,6
236,2004,CLERMONT-FERRAND,MARSEILLE,45.79,3.16,43.44,5.21,1321,21773,21769,4,1.6
359,2009,CLERMONT-FERRAND,MARSEILLE,45.79,3.16,43.44,5.21,841,11873,11762,111,0.2
245,2004,CLERMONT-FERRAND,METZ-NANCY,45.79,3.16,48.98,6.25,1100,17886,17868,18,1.3
125,1999,CLERMONT-FERRAND,MONTPELLIER,45.79,3.16,43.58,3.96,1267,15763,15734,29,5
253,2004,CLERMONT-FERRAND,MONTPELLIER,45.79,3.16,43.58,3.96,994,14598,14590,8,0.1
82,1999,CLERMONT-FERRAND,NANTES,45.79,3.16,47.16,-1.61,1241,37537,37517,20,90
220,2004,CLERMONT-FERRAND,NANTES,45.79,3.16,47.16,-1.61,1982,46089,46083,6,20.5
350,2009,CLERMONT-FERRAND,NANTES,45.79,3.16,47.16,-1.61,997,21024,20984,40,4.4
97,1999,CLERMONT-FERRAND,NICE,45.79,3.16,43.67,7.21,1081,30844,30786,58,1
243,2004,CLERMONT-FERRAND,NICE,45.79,3.16,43.67,7.21,720,18159,18151,8,0.2
352,2009,CLERMONT-FERRAND,NICE,45.79,3.16,43.67,7.21,634,17918,17725,193,0.1
484,2014,CLERMONT-FERRAND,NICE,45.79,3.16,43.67,7.21,261,9211,9126,85,0
120,1999,CLERMONT-FERRAND,PAU,45.79,3.16,43.38,-0.42,1044,17185,16879,306,5
126,1999,CLERMONT-FERRAND,POITIERS,45.79,3.16,46.59,0.31,1039,15552,15473,79,3
96,1999,CLERMONT-FERRAND,RENNES,45.79,3.16,48.07,-1.73,1455,31016,30862,154,8
112,1999,CLERMONT-FERRAND,STRASBOURG,45.79,3.16,48.54,7.63,1049,20224,20215,9,7
240,2004,CLERMONT-FERRAND,STRASBOURG,45.79,3.16,48.54,7.63,1120,20040,19933,107,3.0
361,2009,CLERMONT-FERRAND,STRASBOURG,45.79,3.16,48.54,7.63,750,11439,11357,82,0.3
113,1999,CLERMONT-FERRAND,TOULON,45.79,3.16,43.10,6.15,1006,19973,19902,71,1
110,1999,CLERMONT-FERRAND,TOULOUSE,45.79,3.16,43.63,1.37,1884,21345,21203,142,7
237,2004,CLERMONT-FERRAND,TOULOUSE,45.79,3.16,43.63,1.37,1130,21515,21465,50,3.9
640,2019,FIGARI,BALE-MULHOUSE,41.50,9.10,47.59,7.53,51,5776,5761,15,0
600,2019,FIGARI,LILLE,41.50,9.10,50.56,3.09,262,31320,31312,8,0
485,2014,FIGARI,LYON,41.50,9.10,45.73,5.08,112,8892,8885,7,0
592,2019,FIGARI,LYON,41.50,9.10,45.73,5.08,380,39419,39266,153,0
65,1999,FIGARI,MARSEILLE,41.50,9.10,43.44,5.21,1501,74107,74051,56,12
208,2004,FIGARI,MARSEILLE,41.50,9.10,43.44,5.21,1629,63799,63513,286,0.1
309,2009,FIGARI,MARSEILLE,41.50,9.10,43.44,5.21,1983,91720,91389,331,2.8
424,2014,FIGARI,MARSEILLE,41.50,9.10,43.44,5.21,2115,97356,97187,169,2
569,2019,FIGARI,MARSEILLE,41.50,9.10,43.44,5.21,1554,89046,88998,48,1
466,2014,FIGARI,NANTES,41.50,9.10,47.16,-1.61,252,22159,22143,16,0
584,2019,FIGARI,NANTES,41.50,9.10,47.16,-1.61,375,52323,52297,26,0
78,1999,FIGARI,NICE,41.50,9.10,43.67,7.21,827,40126,40036,90,0
227,2004,FIGARI,NICE,41.50,9.10,43.67,7.21,996,33938,33763,175,0.6
332,2009,FIGARI,NICE,41.50,9.10,43.67,7.21,1139,43753,43599,154,0.3
446,2014,FIGARI,NICE,41.50,9.10,43.67,7.21,1162,45554,45353,201,0
588,2019,FIGARI,NICE,41.50,9.10,43.67,7.21,1032,46250,45998,252,6
613,2019,FIGARI,STRASBOURG,41.50,9.10,48.54,7.63,173,19963,19945,18,0
607,2019,FIGARI,TOULOUSE,41.50,9.10,43.63,1.37,230,25189,25147,42,0
355,2009,LA-ROCHELLE,LYON,46.18,-1.20,45.73,5.08,954,15194,15024,170,
470,2014,LA-ROCHELLE,LYON,46.18,-1.20,45.73,5.08,991,17962,17598,364,0
611,2019,LA-ROCHELLE,LYON,46.18,-1.20,45.73,5.08,939,20752,19323,1429,0
114,1999,LE-HAVRE,LYON,49.53,0.09,45.73,5.08,1227,19404,9586,9818,1
241,2004,LE-HAVRE,LYON,49.53,0.09,45.73,5.08,1319,19398,19320,78,0.3
351,2009,LE-HAVRE,LYON,49.53,0.09,45.73,5.08,1219,18594,18594,0,
124,1999,LE-HAVRE,NANTES,49.53,0.09,47.16,-1.61,1248,15963,15529,434,4
193,2004,LILLE,LYON,50.56,3.09,45.73,5.08,2044,112880,112877,3,3.3
306,2009,LILLE,LYON,50.56,3.09,45.73,5.08,1789,94036,94018,18,3.6
431,2014,LILLE,LYON,50.56,3.09,45.73,5.08,1937,70190,69939,251,0
570,2019,LILLE,LYON,50.56,3.09,45.73,5.08,1572,86629,86194,435,0
64,1999,LILLE,MARSEILLE,50.56,3.09,43.44,5.21,2382,82487,82086,401,16
195,2004,LILLE,MARSEILLE,50.56,3.09,43.44,5.21,2272,100690,100439,251,0.8
292,2009,LILLE,MARSEILLE,50.56,3.09,43.44,5.21,3206,296210,296080,130,0.2
402,2014,LILLE,MARSEILLE,50.56,3.09,43.44,5.21,2275,259514,259281,233,1
544,2019,LILLE,MARSEILLE,50.56,3.09,43.44,5.21,2272,220535,220333,202,7
91,1999,LILLE,MONTPELLIER,50.56,3.09,43.58,3.96,1292,33804,33785,19,4
468,2014,LILLE,MONTPELLIER,50.56,3.09,43.58,3.96,469,20766,20498,268,94
593,2019,LILLE,MONTPELLIER,50.56,3.09,43.58,3.96,309,38431,37838,593,91
107,1999,LILLE,NANTES,50.56,3.09,47.16,-1.61,1327,22508,22273,235,0
228,2004,LILLE,NANTES,50.56,3.09,47.16,-1.61,1431,30823,30269,554,0.7
338,2009,LILLE,NANTES,50.56,3.09,47.16,-1.61,1391,30368,30218,150,0.3
444,2014,LILLE,NANTES,50.56,3.09,47.16,-1.61,1389,48443,48303,140,0
564,2019,LILLE,NANTES,50.56,3.09,47.16,-1.61,1728,103874,103704,170,0
55,1999,LILLE,NICE,50.56,3.09,43.67,7.21,2814,143481,139099,4382,4
196,2004,LILLE,NICE,50.56,3.09,43.67,7.21,1487,94611,90335,4276,0.6
302,2009,LILLE,NICE,50.56,3.09,43.67,7.21,1391,106451,103450,3001,0.3
408,2014,LILLE,NICE,50.56,3.09,43.67,7.21,1374,183702,183236,466,0
537,2019,LILLE,NICE,50.56,3.09,43.67,7.21,2089,312722,312049,673,0
138,1999,LILLE,RENNES,50.56,3.09,48.07,-1.73,1092,12450,11899,551,0
70,1999,LILLE,STRASBOURG,50.56,3.09,48.54,7.63,1640,53335,53165,170,9
213,2004,LILLE,STRASBOURG,50.56,3.09,48.54,7.63,1937,57606,28674,28932,0.6
343,2009,LILLE,STRASBOURG,50.56,3.09,48.54,7.63,1216,27935,27888,47,0.3
452,2014,LILLE,STRASBOURG,50.56,3.09,48.54,7.63,1078,30003,30003,0,0
628,2019,LILLE,STRASBOURG,50.56,3.09,48.54,7.63,837,10739,10383,356,0
67,1999,LILLE,TOULOUSE,50.56,3.09,43.63,1.37,1807,68337,68201,136,17
202,2004,LILLE,TOULOUSE,50.56,3.09,43.63,1.37,1624,76751,38224,38527,0.2
312,2009,LILLE,TOULOUSE,50.56,3.09,43.63,1.37,1717,91147,90910,237,0.6
410,2014,LILLE,TOULOUSE,50.56,3.09,43.63,1.37,2295,179891,179657,234,0
542,2019,LILLE,TOULOUSE,50.56,3.09,43.63,1.37,2546,234307,234081,226,1
98,1999,LIMOGES,LYON,45.86,1.18,45.73,5.08,1108,29582,29521,61,1
223,2004,LIMOGES,LYON,45.86,1.18,45.73,5.08,1545,38254,38138,116,1.9
341,2009,LIMOGES,LYON,45.86,1.18,45.73,5.08,1289,28898,26683,2215,0.3
467,2014,LIMOGES,LYON,45.86,1.18,45.73,5.08,1047,21035,13670,7365,0
614,2019,LIMOGES,LYON,45.86,1.18,45.73,5.08,968,19946,19944,2,0
129,1999,LORIENT,LYON,47.76,-3.44,45.73,5.08,1405,14852,14852,,0
225,2004,LORIENT,LYON,47.76,-3.44,45.73,5.08,1609,37948,37947,1,0.5
328,2009,LORIENT,LYON,47.76,-3.44,45.73,5.08,1632,54161,54123,38,0.3
471,2014,LORIENT,LYON,47.76,-3.44,45.73,5.08,1101,17281,17281,0,0
594,2019,LORIENT,LYON,47.76,-3.44,45.73,5.08,1016,36629,36523,106,0
478,2014,LYON,BALE-MULHOUSE,45.73,5.08,47.59,7.53,752,13098,13098,0,0
53,1999,LYON,LILLE,45.73,5.08,50.56,3.09,2564,149038,148841,197,178.5
68,1999,LYON,MARSEILLE,45.73,5.08,43.44,5.21,3531,65959,64961,998,1543.1
212,2004,LYON,MARSEILLE,45.73,5.08,43.44,5.21,2841,58325,58238,87,24.7
321,2009,LYON,MARSEILLE,45.73,5.08,43.44,5.21,2613,68991,68755,236,338.5
445,2014,LYON,MARSEILLE,45.73,5.08,43.44,5.21,2184,45932,45696,236,245
583,2019,LYON,MARSEILLE,45.73,5.08,43.44,5.21,1874,54054,53716,338,218
329,2009,LYON,METZ-NANCY,45.73,5.08,48.98,6.25,1529,53901,53900,1,0.3
99,1999,LYON,METZ-NANCY,45.73,5.08,48.98,6.25,1352,29017,28860,157,0
218,2004,LYON,METZ-NANCY,45.73,5.08,48.98,6.25,1667,50293,49958,335,0.4
438,2014,LYON,METZ-NANCY,45.73,5.08,48.98,6.25,1565,57651,57645,6,0
582,2019,LYON,METZ-NANCY,45.73,5.08,48.98,6.25,1461,56521,56486,35,0
334,2009,LYON,MONTPELLIER,45.73,5.08,43.58,3.96,1440,41703,41703,0,0.2
464,2014,LYON,MONTPELLIER,45.73,5.08,43.58,3.96,940,23247,23232,15,0
52,1999,LYON,NANTES,45.73,5.08,47.16,-1.61,2910,210574,210405,169,57
186,2004,LYON,NANTES,45.73,5.08,47.16,-1.61,3112,241479,241020,459,21.0
295,2009,LYON,NANTES,45.73,5.08,47.16,-1.61,3126,250972,250750,222,4.7
399,2014,LYON,NANTES,45.73,5.08,47.16,-1.61,4884,362802,362205,597,18
532,2019,LYON,NANTES,45.73,5.08,47.16,-1.61,5088,561037,560760,277,0
51,1999,LYON,NICE,45.73,5.08,43.67,7.21,7847,217528,217440,88,1181
188,2004,LYON,NICE,45.73,5.08,43.67,7.21,3107,158796,158644,152,981.1
298,2009,LYON,NICE,45.73,5.08,43.67,7.21,2434,151059,150973,86,1.3
406,2014,LYON,NICE,45.73,5.08,43.67,7.21,2126,208675,208049,626,6
545,2019,LYON,NICE,45.73,5.08,43.67,7.21,1937,209563,208951,612,0
71,1999,LYON,PAU,45.73,5.08,43.38,-0.42,2214,52474,52361,113,4
210,2004,LYON,PAU,45.73,5.08,43.38,-0.42,1700,61314,61246,68,0.2
322,2009,LYON,PAU,45.73,5.08,43.38,-0.42,1715,63649,63649,0,0.4
434,2014,LYON,PAU,45.73,5.08,43.38,-0.42,1678,66674,66671,3,0
573,2019,LYON,PAU,45.73,5.08,43.38,-0.42,1534,80026,79912,114,0
117,1999,LYON,POITIERS,45.73,5.08,46.59,0.31,977,18427,18424,3,0
362,2009,LYON,POITIERS,45.73,5.08,46.59,0.31,902,10882,10882,0,0.1
469,2014,LYON,POITIERS,45.73,5.08,46.59,0.31,974,17983,17932,51,0
609,2019,LYON,POITIERS,45.73,5.08,46.59,0.31,951,21229,21103,126,0
66,1999,LYON,RENNES,45.73,5.08,48.07,-1.73,1988,68575,68529,46,6
198,2004,LYON,RENNES,45.73,5.08,48.07,-1.73,2047,84851,84745,106,12.2
304,2009,LYON,RENNES,45.73,5.08,48.07,-1.73,1893,99750,99750,0,16.4
427,2014,LYON,RENNES,45.73,5.08,48.07,-1.73,1540,83057,82362,695,7
547,2019,LYON,RENNES,45.73,5.08,48.07,-1.73,2076,179236,178955,281,0
139,1999,LYON,ROUEN,45.73,5.08,49.39,1.18,1119,11985,11982,3,0
249,2004,LYON,ROUEN,45.73,5.08,49.39,1.18,1506,15499,15494,5,
353,2009,LYON,ROUEN,45.73,5.08,49.39,1.18,1202,16362,16362,0,0.2
631,2019,LYON,ROUEN,45.73,5.08,49.39,1.18,237,7196,7150,46,0
59,1999,LYON,STRASBOURG,45.73,5.08,48.54,7.63,2763,125534,125216,318,14
191,2004,LYON,STRASBOURG,45.73,5.08,48.54,7.63,2911,124307,123918,389,2.7
301,2009,LYON,STRASBOURG,45.73,5.08,48.54,7.63,2694,110704,110702,2,1.1
425,2014,LYON,STRASBOURG,45.73,5.08,48.54,7.63,1481,87994,87994,0,1
560,2019,LYON,STRASBOURG,45.73,5.08,48.54,7.63,1600,109825,109668,157,0
50,1999,LYON,TOULOUSE,45.73,5.08,43.63,1.37,5608,234263,233770,493,1865.3
187,2004,LYON,TOULOUSE,45.73,5.08,43.63,1.37,3839,234757,234654,103,1908.6
291,2009,LYON,TOULOUSE,45.73,5.08,43.63,1.37,5360,383122,382909,213,3492.6
400,2014,LYON,TOULOUSE,45.73,5.08,43.63,1.37,4432,344807,344662,145,3997
533,2019,LYON,TOULOUSE,45.73,5.08,43.63,1.37,4687,428425,428130,295,4076
497,2014,MARSEILLE,BALE-MULHOUSE,43.44,5.21,47.59,7.53,745,5630,5521,109,0
104,1999,MARSEILLE,METZ-NANCY,43.44,5.21,48.98,6.25,989,26429,26309,120,0
258,2004,MARSEILLE,METZ-NANCY,43.44,5.21,48.98,6.25,1235,10489,10336,153,1962.4
491,2014,MARSEILLE,METZ-NANCY,43.44,5.21,48.98,6.25,772,7251,7092,159,0
622,2019,MARSEILLE,METZ-NANCY,43.44,5.21,48.98,6.25,943,16175,16059,116,0
61,1999,MARSEILLE,NANTES,43.44,5.21,47.16,-1.61,2783,113681,113367,314,32
190,2004,MARSEILLE,NANTES,43.44,5.21,47.16,-1.61,2595,134932,132267,2665,1.5
294,2009,MARSEILLE,NANTES,43.44,5.21,47.16,-1.61,3232,261045,260818,227,1.2
401,2014,MARSEILLE,NANTES,43.44,5.21,47.16,-1.61,2716,316994,316669,325,0
535,2019,MARSEILLE,NANTES,43.44,5.21,47.16,-1.61,2875,362446,362208,238,2
128,1999,MARSEILLE,NICE,43.44,5.21,43.67,7.21,2068,15238,15189,49,2
492,2014,MARSEILLE,PAU,43.44,5.21,43.38,-0.42,775,7212,7188,24,22
639,2019,MARSEILLE,PAU,43.44,5.21,43.38,-0.42,732,5816,5809,7,0
134,1999,MARSEILLE,RENNES,43.44,5.21,48.07,-1.73,1562,13457,13186,271,1287.2
229,2004,MARSEILLE,RENNES,43.44,5.21,48.07,-1.73,1747,30433,30225,208,3066.9
333,2009,MARSEILLE,RENNES,43.44,5.21,48.07,-1.73,1413,43529,43247,282,678.1
432,2014,MARSEILLE,RENNES,43.44,5.21,48.07,-1.73,970,69050,68847,203,1639
575,2019,MARSEILLE,RENNES,43.44,5.21,48.07,-1.73,1100,77025,76814,211,74
76,1999,MARSEILLE,STRASBOURG,43.44,5.21,48.54,7.63,1863,44153,22343,21810,5
204,2004,MARSEILLE,STRASBOURG,43.44,5.21,48.54,7.63,2258,72798,72487,311,0.8
320,2009,MARSEILLE,STRASBOURG,43.44,5.21,48.54,7.63,1819,69620,69527,93,0.6
433,2014,MARSEILLE,STRASBOURG,43.44,5.21,48.54,7.63,1679,67923,67823,100,0
563,2019,MARSEILLE,STRASBOURG,43.44,5.21,48.54,7.63,1425,105969,105697,272,0
75,1999,MARSEILLE,TOULOUSE,43.44,5.21,43.63,1.37,1796,44671,44049,622,95
216,2004,MARSEILLE,TOULOUSE,43.44,5.21,43.63,1.37,2198,52572,52233,339,526.5
327,2009,MARSEILLE,TOULOUSE,43.44,5.21,43.63,1.37,2007,54435,54172,263,224.1
442,2014,MARSEILLE,TOULOUSE,43.44,5.21,43.63,1.37,1505,51304,51058,246,0
576,2019,MARSEILLE,TOULOUSE,43.44,5.21,43.63,1.37,1593,77000,76739,261,20
340,2009,MARSEILLE,TOURS,43.44,5.21,47.43,0.72,237,29519,29511,8,
463,2014,MARSEILLE,TOURS,43.44,5.21,47.43,0.72,166,23445,23423,22,0
596,2019,MARSEILLE,TOURS,43.44,5.21,47.43,0.72,202,32244,32223,21,0
140,1999,METZ-NANCY,NANTES,48.98,6.25,47.16,-1.61,1019,11851,11645,206,16
348,2009,METZ-NANCY,NICE,48.98,6.25,43.67,7.21,621,24898,24794,104,
109,1999,METZ-NANCY,NICE,48.98,6.25,43.67,7.21,484,21443,21200,243,0
244,2004,METZ-NANCY,NICE,48.98,6.25,43.67,7.21,837,18003,15242,2761,689.9
115,1999,METZ-NANCY,TOULOUSE,48.98,6.25,43.63,1.37,964,19345,19225,120,0
460,2014,METZ-NANCY,NICE,48.98,6.25,43.67,7.21,599,24993,24748,245,0
617,2019,METZ-NANCY,NICE,48.98,6.25,43.67,7.21,451,19051,18837,214,0
490,2014,METZ-NANCY,TOULOUSE,48.98,6.25,43.63,1.37,768,7281,7122,159,0
633,2019,METZ-NANCY,TOULOUSE,48.98,6.25,43.63,1.37,735,6916,6851,65,0
454,2014,MONTPELLIER,BALE-MULHOUSE,43.58,3.96,47.59,7.53,229,29597,29590,7,0
589,2019,MONTPELLIER,BALE-MULHOUSE,43.58,3.96,47.59,7.53,290,41686,41681,5,0
73,1999,MONTPELLIER,NANTES,43.58,3.96,47.16,-1.61,1835,48811,48652,159,6
230,2004,MONTPELLIER,NANTES,43.58,3.96,47.16,-1.61,1036,26535,26307,228,1.0
325,2009,MONTPELLIER,NANTES,43.58,3.96,47.16,-1.61,1767,59364,59328,36,
418,2014,MONTPELLIER,NANTES,43.58,3.96,47.16,-1.61,2106,120445,120292,153,0
548,2019,MONTPELLIER,NANTES,43.58,3.96,47.16,-1.61,1228,169162,168865,297,0
87,1999,MONTPELLIER,NICE,43.58,3.96,43.67,7.21,1453,34433,34321,112,61
246,2004,MONTPELLIER,RENNES,43.58,3.96,48.07,-1.73,616,17361,17249,112,
93,1999,MONTPELLIER,STRASBOURG,43.58,3.96,48.54,7.63,1306,32432,28347,4085,17
451,2014,MONTPELLIER,STRASBOURG,43.58,3.96,48.54,7.63,598,30565,30565,0,0
608,2019,MONTPELLIER,STRASBOURG,43.58,3.96,48.54,7.63,186,24606,24399,207,0
436,2014,NANTES,BALE-MULHOUSE,47.16,-1.61,47.59,7.53,437,61672,61612,60,2
571,2019,NANTES,BALE-MULHOUSE,47.16,-1.61,47.59,7.53,562,85873,85870,3,0
63,1999,NANTES,NICE,47.16,-1.61,43.67,7.21,2816,109324,109020,304,3
201,2004,NANTES,NICE,47.16,-1.61,43.67,7.21,1482,79338,78958,380,0.5
305,2009,NANTES,NICE,47.16,-1.61,43.67,7.21,1454,98484,97897,587,1.1
409,2014,NANTES,NICE,47.16,-1.61,43.67,7.21,1309,182885,181937,948,0
538,2019,NANTES,NICE,47.16,-1.61,43.67,7.21,1921,277577,277363,214,0
487,2014,NANTES,PERPIGNAN,47.16,-1.61,42.74,2.87,131,8336,8283,53,0
620,2019,NANTES,PERPIGNAN,47.16,-1.61,42.74,2.87,127,16797,16784,13,0
77,1999,NANTES,STRASBOURG,47.16,-1.61,48.54,7.63,1239,43906,43867,39,3
209,2004,NANTES,STRASBOURG,47.16,-1.61,48.54,7.63,1635,61742,61637,105,0.8
331,2009,NANTES,STRASBOURG,47.16,-1.61,48.54,7.63,1485,50390,50369,21,0.4
429,2014,NANTES,STRASBOURG,47.16,-1.61,48.54,7.63,1825,80908,80899,9,0
557,2019,NANTES,STRASBOURG,47.16,-1.61,48.54,7.63,1910,125163,124921,242,0
69,1999,NANTES,TOULOUSE,47.16,-1.61,43.63,1.37,1669,55788,54227,1561,737.8
197,2004,NANTES,TOULOUSE,47.16,-1.61,43.63,1.37,2106,86373,85727,646,787.0
308,2009,NANTES,TOULOUSE,47.16,-1.61,43.63,1.37,2771,92508,87072,5436,28.6
407,2014,NANTES,TOULOUSE,47.16,-1.61,43.63,1.37,3136,185218,184825,393,66
536,2019,NANTES,TOULOUSE,47.16,-1.61,43.63,1.37,3753,316058,311130,4928,0
412,2014,NICE,BALE-MULHOUSE,43.67,7.21,47.59,7.53,1170,153572,153380,192,0
546,2019,NICE,BALE-MULHOUSE,43.67,7.21,47.59,7.53,1335,186381,186270,111,0
500,2014,NICE,PARIS-LE-BOURGET,43.67,7.21,48.97,2.44,1775,5108,0,5108,0
94,1999,NICE,RENNES,43.67,7.21,48.07,-1.73,1262,31787,26833,4954,3
231,2004,NICE,RENNES,43.67,7.21,48.07,-1.73,721,26006,25640,366,0.3
337,2009,NICE,RENNES,43.67,7.21,48.07,-1.73,737,32072,31830,242,0.1
450,2014,NICE,RENNES,43.67,7.21,48.07,-1.73,728,31229,30684,545,0
572,2019,NICE,RENNES,43.67,7.21,48.07,-1.73,776,81144,80381,763,0
58,1999,NICE,STRASBOURG,43.67,7.21,48.54,7.63,3342,126621,123640,2981,4
199,2004,NICE,STRASBOURG,43.67,7.21,48.54,7.63,1414,84715,84534,181,1.2
314,2009,NICE,STRASBOURG,43.67,7.21,48.54,7.63,1349,84801,84618,183,0.2
422,2014,NICE,STRASBOURG,43.67,7.21,48.54,7.63,927,102385,102218,167,0
555,2019,NICE,STRASBOURG,43.67,7.21,48.54,7.63,1272,125555,125177,378,0
57,1999,NICE,TOULOUSE,43.67,7.21,43.63,1.37,4461,130332,130061,271,10
207,2004,NICE,TOULOUSE,43.67,7.21,43.63,1.37,1842,64567,64113,454,0.4
315,2009,NICE,TOULOUSE,43.67,7.21,43.63,1.37,1899,79330,78933,397,0.2
414,2014,NICE,TOULOUSE,43.67,7.21,43.63,1.37,2214,139599,139206,393,5
550,2019,NICE,TOULOUSE,43.67,7.21,43.63,1.37,1246,161873,161320,553,0
286,2009,PARIS,AGEN,48.72,2.38,44.17,0.59,1252,27395,26418,977,
390,2014,PARIS,AGEN,48.72,2.38,44.17,0.59,1374,39463,39457,6,0
528,2019,PARIS,AGEN,48.72,2.38,44.17,0.59,901,13920,13878,42,0
39,1999,PARIS,AGEN,48.72,2.38,44.17,0.59,1643,24250,24131,119,0
14,1999,PARIS,AJACCIO,48.72,2.38,41.92,8.80,3076,430851,357956,72895,467
159,2004,PARIS,AJACCIO,48.72,2.38,41.92,8.80,3523,431909,409197,22712,553.8
265,2009,PARIS,AJACCIO,48.72,2.38,41.92,8.80,3922,522098,509720,12378,519.9
371,2014,PARIS,AJACCIO,48.72,2.38,41.92,8.80,4358,564061,552667,11394,291
509,2019,PARIS,AJACCIO,48.72,2.38,41.92,8.80,4047,556737,553462,3275,234
30,1999,PARIS,ANNECY,48.72,2.38,45.93,6.11,1769,76158,76092,66,3
176,2004,PARIS,ANNECY,48.72,2.38,45.93,6.11,1492,46372,46372,0,0.2
283,2009,PARIS,ANNECY,48.72,2.38,45.93,6.11,1742,48485,48330,155,
42,1999,PARIS,AURILLAC,48.72,2.38,44.90,2.42,1100,17121,16822,299,0
181,2004,PARIS,AURILLAC,48.72,2.38,44.90,2.42,1009,14620,14425,195,0.1
288,2009,PARIS,AURILLAC,48.72,2.38,44.90,2.42,990,20346,20250,96,
392,2014,PARIS,AURILLAC,48.72,2.38,44.90,2.42,982,26953,26953,0,0
526,2019,PARIS,AURILLAC,48.72,2.38,44.90,2.42,1287,38187,38187,0,0
23,1999,PARIS,AVIGNON,48.72,2.38,43.91,4.90,1907,127760,127733,27,7
170,2004,PARIS,AVIGNON,48.72,2.38,43.91,4.90,2296,74048,73884,164,3.1
271,2009,PARIS,BALE-MULHOUSE,48.72,2.38,47.59,7.53,9689,375161,375119,42,7714.2
8,1999,PARIS,BALE-MULHOUSE,48.72,2.38,47.59,7.53,11178,677834,676448,1386,5138.1
154,2004,PARIS,BALE-MULHOUSE,48.72,2.38,47.59,7.53,10463,559573,558989,584,7880.4
378,2014,PARIS,BALE-MULHOUSE,48.72,2.38,47.59,7.53,7803,279674,279651,23,10961
517,2019,PARIS,BALE-MULHOUSE,48.72,2.38,47.59,7.53,4432,225675,225675,0,11719
17,1999,PARIS,BASTIA,48.72,2.38,42.55,9.48,2543,286558,260331,26227,308.3
160,2004,PARIS,BASTIA,48.72,2.38,42.55,9.48,3644,318898,315850,3048,446.7
269,2009,PARIS,BASTIA,48.72,2.38,42.55,9.48,3627,447219,443662,3557,491.6
375,2014,PARIS,BASTIA,48.72,2.38,42.55,9.48,3509,453669,448989,4680,250
511,2019,PARIS,BASTIA,48.72,2.38,42.55,9.48,3717,494353,493765,588,229
41,1999,PARIS,BERGERAC,48.72,2.38,44.82,0.52,1492,17871,17797,74,0
182,2004,PARIS,BERGERAC,48.72,2.38,44.82,0.52,1541,11817,11624,193,
28,1999,PARIS,BEZIERS,48.72,2.38,43.32,3.35,2081,79216,79216,,18
177,2004,PARIS,BEZIERS,48.72,2.38,43.32,3.35,1501,34223,34210,13,0.4
10,1999,PARIS,BIARRITZ,48.72,2.38,43.47,-1.53,5622,633851,631430,2421,580.7
156,2004,PARIS,BIARRITZ,48.72,2.38,43.47,-1.53,4867,537673,536883,790,183.1
264,2009,PARIS,BIARRITZ,48.72,2.38,43.47,-1.53,5331,638615,638280,335,0.6
369,2014,PARIS,BIARRITZ,48.72,2.38,43.47,-1.53,5379,684578,683674,904,0
507,2019,PARIS,BIARRITZ,48.72,2.38,43.47,-1.53,5622,631360,631036,324,4
4,1999,PARIS,BORDEAUX,48.72,2.38,44.83,-0.80,15535,1603041,1600476,2565,2010
150,2004,PARIS,BORDEAUX,48.72,2.38,44.83,-0.80,13131,1414941,1414541,400,890.8
262,2009,PARIS,BORDEAUX,48.72,2.38,44.83,-0.80,12922,1422807,1421599,1208,777.4
366,2014,PARIS,BORDEAUX,48.72,2.38,44.83,-0.80,11079,1539478,1538353,1125,905
504,2019,PARIS,BORDEAUX,48.72,2.38,44.83,-0.80,10611,1218505,1218251,254,6746
12,1999,PARIS,BREST,48.72,2.38,48.45,-4.42,6822,512803,512216,587,380.1
158,2004,PARIS,BREST,48.72,2.38,48.45,-4.42,5868,444614,444282,332,127.1
268,2009,PARIS,BREST,48.72,2.38,48.45,-4.42,5545,460083,459824,259,78.0
373,2014,PARIS,BREST,48.72,2.38,48.45,-4.42,6633,527898,527673,225,88
508,2019,PARIS,BREST,48.72,2.38,48.45,-4.42,5738,560930,560350,580,381
34,1999,PARIS,BRIVE,48.72,2.38,45.04,1.48,1340,41155,41128,27,1
178,2004,PARIS,BRIVE,48.72,2.38,45.04,1.48,1007,21912,21873,39,0.2
289,2009,PARIS,BRIVE,48.72,2.38,45.04,1.48,946,20236,20069,167,0.1
388,2014,PARIS,BRIVE,48.72,2.38,45.04,1.48,1451,42144,42106,38,0
523,2019,PARIS,BRIVE,48.72,2.38,45.04,1.48,1509,49366,48916,450,0
24,1999,PARIS,CALVI,48.72,2.38,42.52,8.79,951,117810,86121,31689,62
168,2004,PARIS,CALVI,48.72,2.38,42.52,8.79,1004,103190,94011,9179,23.1
277,2009,PARIS,CALVI,48.72,2.38,42.52,8.79,1169,140920,133055,7865,12.0
381,2014,PARIS,CALVI,48.72,2.38,42.52,8.79,1244,158997,148364,10633,6
518,2019,PARIS,CALVI,48.72,2.38,42.52,8.79,1347,155688,155687,1,0
36,1999,PARIS,CARCASSONNE,48.72,2.38,43.22,2.31,1772,30217,30180,37,1
180,2004,PARIS,CASTRES-MAZAMET,48.72,2.38,43.55,2.29,890,15670,15660,10,
287,2009,PARIS,CASTRES-MAZAMET,48.72,2.38,43.55,2.29,1215,26341,24727,1614,0.2
389,2014,PARIS,CASTRES-MAZAMET,48.72,2.38,43.55,2.29,1376,40568,40093,475,0
525,2019,PARIS,CASTRES-MAZAMET,48.72,2.38,43.55,2.29,1411,45754,43644,2110,0
40,1999,PARIS,CASTRES-MAZAMET,48.72,2.38,43.55,2.29,1134,18926,18926,,0
38,1999,PARIS,CHAMBERY,48.72,2.38,45.64,5.88,1514,25691,25255,436,3
396,2014,PARIS,CHAMBERY,48.72,2.38,45.64,5.88,63,5282,4902,380,0
43,1999,PARIS,CHERBOURG,48.72,2.38,49.65,-1.50,953,11973,11847,126,1
16,1999,PARIS,CLERMONT-FERRAND,48.72,2.38,45.79,3.16,4250,304961,304808,153,230.8
163,2004,PARIS,CLERMONT-FERRAND,48.72,2.38,45.79,3.16,5118,265518,265464,54,93.9
275,2009,PARIS,CLERMONT-FERRAND,48.72,2.38,45.79,3.16,5643,241070,240751,319,40.1
377,2014,PARIS,CLERMONT-FERRAND,48.72,2.38,45.79,3.16,5352,299480,299283,197,110
514,2019,PARIS,CLERMONT-FERRAND,48.72,2.38,45.79,3.16,4792,280684,280644,40,11
44,1999,PARIS,EPINAL,48.72,2.38,48.33,6.07,1026,10428,10108,320,0
22,1999,PARIS,FIGARI,48.72,2.38,41.50,9.10,1308,131962,111868,20094,21
166,2004,PARIS,FIGARI,48.72,2.38,41.50,9.10,1046,116910,108071,8839,
276,2009,PARIS,FIGARI,48.72,2.38,41.50,9.10,1495,189410,173495,15915,0.4
380,2014,PARIS,FIGARI,48.72,2.38,41.50,9.10,1678,200089,200064,25,0
516,2019,PARIS,FIGARI,48.72,2.38,41.50,9.10,1665,236945,236937,8,0
19,1999,PARIS,GRENOBLE,48.72,2.38,45.36,5.33,2698,199861,199722,139,66
173,2004,PARIS,GRENOBLE,48.72,2.38,45.36,5.33,1887,56382,56374,8,9.1
35,1999,PARIS,LA-ROCHELLE,48.72,2.38,46.18,-1.20,1755,39990,39614,376,1
394,2014,PARIS,LA-ROCHELLE,48.72,2.38,46.18,-1.20,720,8483,8483,0,0
527,2019,PARIS,LA-ROCHELLE,48.72,2.38,46.18,-1.20,511,20823,20813,10,0
33,1999,PARIS,LANNION,48.72,2.38,48.76,3.47,1239,58086,58086,,19
175,2004,PARIS,LANNION,48.72,2.38,48.76,3.47,1481,50604,50604,0,
285,2009,PARIS,LANNION,48.72,2.38,48.76,3.47,1321,33980,33887,93,
391,2014,PARIS,LANNION,48.72,2.38,48.76,3.47,1046,31224,31088,136,0
395,2014,PARIS,LE-PUY-EN-VELAY,48.72,2.38,45.08,3.76,859,7538,7538,0,0
530,2019,PARIS,LE-PUY-EN-VELAY,48.72,2.38,45.08,3.76,846,5396,5396,0,0
29,1999,PARIS,LIMOGES,48.72,2.38,45.86,1.18,3091,77609,77259,350,38
172,2004,PARIS,LIMOGES,48.72,2.38,45.86,1.18,2278,65088,65021,67,14.6
284,2009,PARIS,LIMOGES,48.72,2.38,45.86,1.18,2093,34446,34404,42,1.2
393,2014,PARIS,LIMOGES,48.72,2.38,45.86,1.18,1143,10255,10202,53,0
529,2019,PARIS,LIMOGES,48.72,2.38,45.86,1.18,799,10776,5210,5566,4
20,1999,PARIS,LORIENT,48.72,2.38,47.76,-3.44,2675,194985,194540,445,91
164,2004,PARIS,LORIENT,48.72,2.38,47.76,-3.44,2486,150561,150504,57,15.0
278,2009,PARIS,LORIENT,48.72,2.38,47.76,-3.44,2372,120436,120331,105,0.5
384,2014,PARIS,LORIENT,48.72,2.38,47.76,-3.44,2028,102005,102005,0,0
521,2019,PARIS,LORIENT,48.72,2.38,47.76,-3.44,1425,58431,58431,0,4
7,1999,PARIS,LYON,48.72,2.38,45.73,5.08,9627,760626,757917,2709,4305.3
153,2004,PARIS,LYON,48.72,2.38,45.73,5.08,9632,637348,637130,218,768.5
267,2009,PARIS,LYON,48.72,2.38,45.73,5.08,7408,498627,498317,310,1513.4
370,2014,PARIS,LYON,48.72,2.38,45.73,5.08,7095,613395,613004,391,2270
506,2019,PARIS,LYON,48.72,2.38,45.73,5.08,6451,696318,695829,489,9781
3,1999,PARIS,MARSEILLE,48.72,2.38,43.44,5.21,29974,2928110,2926642,1468,9088.3
149,2004,PARIS,MARSEILLE,48.72,2.38,43.44,5.21,21502,2048621,2044415,4206,4973.9
261,2009,PARIS,MARSEILLE,48.72,2.38,43.44,5.21,17758,1638329,1637851,478,1133.4
367,2014,PARIS,MARSEILLE,48.72,2.38,43.44,5.21,14153,1502196,1501840,356,12899
503,2019,PARIS,MARSEILLE,48.72,2.38,43.44,5.21,13816,1558924,1558665,259,29183
26,1999,PARIS,METZ-NANCY,48.72,2.38,48.98,6.25,2438,88607,88314,293,60
171,2004,PARIS,METZ-NANCY,48.72,2.38,48.98,6.25,2327,68984,68972,12,486.2
5,1999,PARIS,MONTPELLIER,48.72,2.38,43.58,3.96,12603,1290306,1289770,536,1852.9
152,2004,PARIS,MONTPELLIER,48.72,2.38,43.58,3.96,9362,978778,977458,1320,534.2
263,2009,PARIS,MONTPELLIER,48.72,2.38,43.58,3.96,8400,827427,827399,28,468.6
368,2014,PARIS,MONTPELLIER,48.72,2.38,43.58,3.96,7422,807482,807159,323,945
505,2019,PARIS,MONTPELLIER,48.72,2.38,43.58,3.96,9131,989450,989198,252,9934
15,1999,PARIS,NANTES,48.72,2.38,47.16,-1.61,6912,342128,337257,4871,201.7
161,2004,PARIS,NANTES,48.72,2.38,47.16,-1.61,3480,280735,280412,323,234.7
273,2009,PARIS,NANTES,48.72,2.38,47.16,-1.61,3404,292004,291774,230,129.8
374,2014,PARIS,NANTES,48.72,2.38,47.16,-1.61,5238,459097,458451,646,50
510,2019,PARIS,NANTES,48.72,2.38,47.16,-1.61,5361,550910,550782,128,199
1,1999,PARIS,NICE,48.72,2.38,43.67,7.21,29811,3256326,3255365,961,3945.5
147,2004,PARIS,NICE,48.72,2.38,43.67,7.21,24849,3077845,3076068,1777,1158.1
259,2009,PARIS,NICE,48.72,2.38,43.67,7.21,23042,2970026,2969045,981,1162.7
365,2014,PARIS,NICE,48.72,2.38,43.67,7.21,20924,2865602,2862863,2739,1799
502,2019,PARIS,NICE,48.72,2.38,43.67,7.21,21403,3178806,3174500,4306,1314
18,1999,PARIS,NIMES,48.72,2.38,43.76,4.42,2959,278258,277436,822,294.8
11,1999,PARIS,PAU,48.72,2.38,43.38,-0.42,5160,518631,518061,570,463.8
155,2004,PARIS,PAU,48.72,2.38,43.38,-0.42,6512,555604,554706,898,264.1
266,2009,PARIS,PAU,48.72,2.38,43.38,-0.42,6549,508407,508346,61,279.5
372,2014,PARIS,PAU,48.72,2.38,43.38,-0.42,5842,539460,539438,22,48
512,2019,PARIS,PAU,48.72,2.38,43.38,-0.42,5660,478837,478814,23,4
37,1999,PARIS,PERIGUEUX,48.72,2.38,45.20,0.82,1615,27941,27850,91,0
179,2004,PARIS,PERIGUEUX,48.72,2.38,45.20,0.82,1573,18049,17903,146,
397,2014,PARIS,PERIGUEUX,48.72,2.38,45.20,0.82,819,5170,5071,99,0
13,1999,PARIS,PERPIGNAN,48.72,2.38,42.74,2.87,4958,475894,475894,,294.1
162,2004,PARIS,PERPIGNAN,48.72,2.38,42.74,2.87,2767,276399,275423,976,3.3
274,2009,PARIS,PERPIGNAN,48.72,2.38,42.74,2.87,2761,254668,254115,553,1.0
379,2014,PARIS,PERPIGNAN,48.72,2.38,42.74,2.87,2994,210044,210044,0,1
515,2019,PARIS,PERPIGNAN,48.72,2.38,42.74,2.87,2882,254667,253965,702,0
21,1999,PARIS,QUIMPER,48.72,2.38,47.98,2.00,2384,153224,153162,62,35
165,2004,PARIS,QUIMPER,48.72,2.38,47.98,2.00,2386,133915,133733,182,10.4
279,2009,PARIS,QUIMPER,48.72,2.38,47.98,2.00,2270,112885,112885,0,0.4
386,2014,PARIS,QUIMPER,48.72,2.38,47.98,2.00,1966,93336,93165,171,0
524,2019,PARIS,QUIMPER,48.72,2.38,47.98,2.00,1272,49024,49024,0,0
25,1999,PARIS,RENNES,48.72,2.38,48.07,-1.73,4219,106025,105973,52,1012.5
167,2004,PARIS,RENNES,48.72,2.38,48.07,-1.73,3949,103589,103554,35,142.6
281,2009,PARIS,RENNES,48.72,2.38,48.07,-1.73,2983,89972,89929,43,187.0
383,2014,PARIS,RENNES,48.72,2.38,48.07,-1.73,3094,117107,116851,256,329
519,2019,PARIS,RENNES,48.72,2.38,48.07,-1.73,2560,149007,148830,177,767
46,1999,PARIS,ROANNE,48.72,2.38,46.05,4.00,892,10038,9945,93,0
27,1999,PARIS,RODEZ,48.72,2.38,44.05,2.48,1605,82127,67337,14790,4
169,2004,PARIS,RODEZ,48.72,2.38,44.05,2.48,1711,74120,73470,650,0.9
282,2009,PARIS,RODEZ,48.72,2.38,44.05,2.48,1710,61747,61667,80,0.1
387,2014,PARIS,RODEZ,48.72,2.38,44.05,2.48,1678,62433,62408,25,0
522,2019,PARIS,RODEZ,48.72,2.38,44.05,2.48,1670,50823,50823,0,0
45,1999,PARIS,ST-BRIEUC,48.72,2.38,48.54,-2.86,1097,10127,10036,91,1
32,1999,PARIS,ST-ETIENNE,48.72,2.38,45.53,4.30,1373,66404,66374,30,14
6,1999,PARIS,STRASBOURG,48.72,2.38,48.54,7.63,12608,1284456,1282839,1617,1032.4
151,2004,PARIS,STRASBOURG,48.72,2.38,48.54,7.63,10824,1029919,1029691,228,428.3
272,2009,PARIS,STRASBOURG,48.72,2.38,48.54,7.63,6827,354613,354450,163,149.4
382,2014,PARIS,STRASBOURG,48.72,2.38,48.54,7.63,2883,157207,157207,0,17
31,1999,PARIS,TARBES,48.72,2.38,43.19,0.00,740,75571,75307,264,22
174,2004,PARIS,TARBES,48.72,2.38,43.19,0.00,1010,51732,51515,217,0.1
280,2009,PARIS,TARBES,48.72,2.38,43.19,0.00,2071,110099,109682,417,0.3
385,2014,PARIS,TARBES,48.72,2.38,43.19,0.00,1929,100968,100968,0,0
520,2019,PARIS,TARBES,48.72,2.38,43.19,0.00,1922,134160,133811,349,4
376,2014,PARIS,TOULON,48.72,2.38,43.10,6.15,4045,415275,414927,348,0
513,2019,PARIS,TOULON,48.72,2.38,43.10,6.15,4631,392272,391520,752,4
9,1999,PARIS,TOULON,48.72,2.38,43.10,6.15,7159,665212,664987,225,637.9
157,2004,PARIS,TOULON,48.72,2.38,43.10,6.15,4111,457237,456750,487,0.6
270,2009,PARIS,TOULON,48.72,2.38,43.10,6.15,3936,419534,419413,121,0.2
2,1999,PARIS,TOULOUSE,48.72,2.38,43.63,1.37,32633,2955423,2949392,6031,10901.4
148,2004,PARIS,TOULOUSE,48.72,2.38,43.63,1.37,26592,2934798,2932309,2489,5433.5
260,2009,PARIS,TOULOUSE,48.72,2.38,43.63,1.37,26216,2964620,2964196,424,3355.4
364,2014,PARIS,TOULOUSE,48.72,2.38,43.63,1.37,24795,3158331,3157692,639,6531
501,2019,PARIS,TOULOUSE,48.72,2.38,43.63,1.37,23627,3216301,3215907,394,15115
133,1999,RENNES,STRASBOURG,48.07,-1.73,48.54,7.63,1171,13786,9391,4395,0
232,2004,RENNES,STRASBOURG,48.07,-1.73,48.54,7.63,1050,23743,23646,97,0.6
637,2019,RENNES,STRASBOURG,48.07,-1.73,48.54,7.63,128,6229,6113,116,0
79,1999,RENNES,TOULOUSE,48.07,-1.73,43.63,1.37,1329,38545,38474,71,4
219,2004,RENNES,TOULOUSE,48.07,-1.73,43.63,1.37,1606,47271,47191,80,0.6
324,2009,RENNES,TOULOUSE,48.07,-1.73,43.63,1.37,1701,59847,59416,431,0.2
437,2014,RENNES,TOULOUSE,48.07,-1.73,43.63,1.37,1673,59640,59413,227,0
566,2019,RENNES,TOULOUSE,48.07,-1.73,43.63,1.37,1614,92807,92673,134,0
357,2009,ST-NAZAIRE,TOULOUSE,47.31,-2.16,43.63,1.37,1185,12643,4391,8252,8742
474,2014,ST-NAZAIRE,TOULOUSE,47.31,-2.16,43.63,1.37,1248,14516,14253,263,10848
624,2019,ST-NAZAIRE,TOULOUSE,47.31,-2.16,43.63,1.37,1393,14762,6029,8733,15853
83,1999,STRASBOURG,TOULOUSE,48.54,7.63,43.63,1.37,3018,36446,25695,10751,6
211,2004,STRASBOURG,TOULOUSE,48.54,7.63,43.63,1.37,2052,60723,60722,1,2.3
316,2009,STRASBOURG,TOULOUSE,48.54,7.63,43.63,1.37,1785,77559,77511,48,20.3
417,2014,STRASBOURG,TOULOUSE,48.54,7.63,43.63,1.37,1134,122012,121920,92,0
551,2019,STRASBOURG,TOULOUSE,48.54,7.63,43.63,1.37,1497,137569,137432,137,0
435,2014,TOULOUSE,BALE-MULHOUSE,43.63,1.37,47.59,7.53,456,62037,62029,8,0
574,2019,TOULOUSE,BALE-MULHOUSE,43.63,1.37,47.59,7.53,545,78799,78798,1,0,