id,Annee,Origine,Destination,lat_Origine,lng_Origine,lat_Destination,lng_Destination,Dessertes,Pax_Total,Pax_reg,Pax_Non_r√©g,Fret_Total
1,2014,AJACCIO,BALE-MULHOUSE,41.92,8.8,47.59,7.53,206,27494,27355,139,0
2,2019,AJACCIO,BALE-MULHOUSE,41.92,8.8,47.59,7.53,382,57525,57466,59,0
3,2019,AJACCIO,BEAUVAIS,41.92,8.8,49.45,2.11,52,7010,7010,0,0
4,2009,AJACCIO,BORDEAUX,41.92,8.8,44.83,-0.8,149,11555,6062,5493,NA
5,2014,AJACCIO,BORDEAUX,41.92,8.8,44.83,-0.8,539,45132,44835,297,0
6,2019,AJACCIO,BORDEAUX,41.92,8.8,44.83,-0.8,532,74937,74937,0,0
7,2014,AJACCIO,BREST,41.92,8.8,48.45,-4.42,148,13109,13055,54,0
8,2019,AJACCIO,BREST,41.92,8.8,48.45,-4.42,118,15487,15294,193,0
9,2014,AJACCIO,CAEN,41.92,8.8,49.17,-0.45,105,10599,10501,98,0
10,2019,AJACCIO,CAEN,41.92,8.8,49.17,-0.45,250,31777,31713,64,0
11,2009,AJACCIO,LILLE,41.92,8.8,50.56,3.09,144,12004,11406,598,NA
12,2014,AJACCIO,LILLE,41.92,8.8,50.56,3.09,236,24213,23618,595,0
13,2019,AJACCIO,LILLE,41.92,8.8,50.56,3.09,327,40237,39981,256,0
14,1999,AJACCIO,LYON,41.92,8.8,45.73,5.08,451,35897,23976,11921,1
15,2004,AJACCIO,LYON,41.92,8.8,45.73,5.08,1001,54005,50072,3933,1
16,2009,AJACCIO,LYON,41.92,8.8,45.73,5.08,552,27387,22963,4424,NA
17,2014,AJACCIO,LYON,41.92,8.8,45.73,5.08,464,50479,50219,260,0
18,2019,AJACCIO,LYON,41.92,8.8,45.73,5.08,862,101967,101932,35,1
19,1999,AJACCIO,MARSEILLE,41.92,8.8,43.44,5.21,4167,247172,246416,756,1897.9
20,2004,AJACCIO,MARSEILLE,41.92,8.8,43.44,5.21,3723,253134,251782,1352,3990
21,2009,AJACCIO,MARSEILLE,41.92,8.8,43.44,5.21,3925,264624,263832,792,3693.1
22,2014,AJACCIO,MARSEILLE,41.92,8.8,43.44,5.21,3341,242534,242146,388,4755
23,2019,AJACCIO,MARSEILLE,41.92,8.8,43.44,5.21,3323,253218,252282,936,7026
24,1999,AJACCIO,MONTPELLIER,41.92,8.8,43.58,3.96,1504,27238,27208,30,1261.4
25,2014,AJACCIO,MONTPELLIER,41.92,8.8,43.58,3.96,96,5700,5405,295,0
26,2019,AJACCIO,MONTPELLIER,41.92,8.8,43.58,3.96,94,13442,13442,0,0
27,1999,AJACCIO,NANTES,41.92,8.8,47.16,-1.61,269,33855,NA,33855,0
28,2004,AJACCIO,NANTES,41.92,8.8,47.16,-1.61,210,21186,16271,4915,0.1
29,2009,AJACCIO,NANTES,41.92,8.8,47.16,-1.61,264,24622,8519,16103,4.5
30,2014,AJACCIO,NANTES,41.92,8.8,47.16,-1.61,695,73072,73008,64,0
31,2019,AJACCIO,NANTES,41.92,8.8,47.16,-1.61,794,111333,110837,496,0
32,1999,AJACCIO,NICE,41.92,8.8,43.67,7.21,3215,148608,147797,811,172.6
33,2004,AJACCIO,NICE,41.92,8.8,43.67,7.21,2598,120075,119534,541,118.9
34,2009,AJACCIO,NICE,41.92,8.8,43.67,7.21,2727,116506,116385,121,11.3
35,2014,AJACCIO,NICE,41.92,8.8,43.67,7.21,2407,108105,107999,106,61
36,2019,AJACCIO,NICE,41.92,8.8,43.67,7.21,1952,107723,107507,216,17
37,2014,AJACCIO,STRASBOURG,41.92,8.8,48.54,7.63,170,13838,13838,0,0
38,2019,AJACCIO,STRASBOURG,41.92,8.8,48.54,7.63,270,31668,31668,0,0
39,1999,AJACCIO,TOULOUSE,41.92,8.8,43.63,1.37,189,16750,NA,16750,0
40,2004,AJACCIO,TOULOUSE,41.92,8.8,43.63,1.37,153,10665,6573,4092,0.5
41,2009,AJACCIO,TOULOUSE,41.92,8.8,43.63,1.37,135,10282,5642,4640,NA
42,2014,AJACCIO,TOULOUSE,41.92,8.8,43.63,1.37,479,39950,39888,62,0
43,2019,AJACCIO,TOULOUSE,41.92,8.8,43.63,1.37,438,48365,48359,6,0
44,1999,ANGERS,CLERMONT-FERRAND,47.56,-0.31,45.79,3.16,1007,15504,15504,NA,3
45,1999,ANGOULEME,CLERMONT-FERRAND,45.73,0.22,45.79,3.16,940,14181,14181,NA,2
46,2009,BALE-MULHOUSE,BORDEAUX,47.59,7.53,44.83,-0.8,133,16109,16013,96,NA
47,1999,BALE-MULHOUSE,BORDEAUX,47.59,7.53,44.83,-0.8,705,16438,16398,40,14
48,2009,BALE-MULHOUSE,LYON,47.59,7.53,45.73,5.08,1465,36978,36978,0,0.2
49,2009,BALE-MULHOUSE,MARSEILLE,47.59,7.53,43.44,5.21,1048,27788,27717,71,NA
50,2009,BALE-MULHOUSE,NICE,47.59,7.53,43.67,7.21,733,90783,90542,241,NA
51,1999,BALE-MULHOUSE,CLERMONT-FERRAND,47.59,7.53,45.79,3.16,1068,23062,23055,7,2
52,2004,BALE-MULHOUSE,CLERMONT-FERRAND,47.59,7.53,45.79,3.16,740,12237,12237,0,1
53,1999,BALE-MULHOUSE,LILLE,47.59,7.53,50.56,3.09,1161,17747,17598,149,0
54,1999,BALE-MULHOUSE,LYON,47.59,7.53,45.73,5.08,2411,27046,27009,37,1
55,2004,BALE-MULHOUSE,LYON,47.59,7.53,45.73,5.08,1839,38061,37838,223,2
56,1999,BALE-MULHOUSE,MARSEILLE,47.59,7.53,43.44,5.21,905,11647,11430,217,8
57,1999,BALE-MULHOUSE,NICE,47.59,7.53,43.67,7.21,967,18250,18138,112,6
58,2004,BALE-MULHOUSE,NICE,47.59,7.53,43.67,7.21,743,16426,16396,30,0.1
59,2004,BALE-MULHOUSE,RENNES,47.59,7.53,48.07,-1.73,831,13638,13612,26,1.9
60,1999,BALE-MULHOUSE,TOULOUSE,47.59,7.53,43.63,1.37,766,13199,12905,294,52
61,2014,BASTIA,BALE-MULHOUSE,42.55,9.48,47.59,7.53,50,5868,5601,267,0
62,2019,BASTIA,BALE-MULHOUSE,42.55,9.48,47.59,7.53,197,27573,27500,73,0
63,2014,BASTIA,BORDEAUX,42.55,9.48,44.83,-0.8,311,25118,24912,206,0
64,2019,BASTIA,BORDEAUX,42.55,9.48,44.83,-0.8,361,48849,48670,179,3
65,2014,BASTIA,BREST,42.55,9.48,48.45,-4.42,128,11309,10985,324,0
66,2019,BASTIA,BREST,42.55,9.48,48.45,-4.42,134,16248,16243,5,0
67,2019,BASTIA,CAEN,42.55,9.48,49.17,-0.45,161,21029,20958,71,0
68,2014,BASTIA,LILLE,42.55,9.48,50.56,3.09,192,16132,15704,428,0
69,2019,BASTIA,LILLE,42.55,9.48,50.56,3.09,330,39572,39217,355,3
70,1999,BASTIA,LYON,42.55,9.48,45.73,5.08,346,23799,20450,3349,4
71,2004,BASTIA,LYON,42.55,9.48,45.73,5.08,772,38500,38316,184,0.1
72,2009,BASTIA,LYON,42.55,9.48,45.73,5.08,868,69900,68190,1710,NA
73,2014,BASTIA,LYON,42.55,9.48,45.73,5.08,410,44235,43937,298,0
74,2019,BASTIA,LYON,42.55,9.48,45.73,5.08,809,91062,90932,130,4
75,1999,BASTIA,MARSEILLE,42.55,9.48,43.44,5.21,4360,251173,249092,2081,1235.4
76,2004,BASTIA,MARSEILLE,42.55,9.48,43.44,5.21,4174,250922,249789,1133,4705
77,2009,BASTIA,MARSEILLE,42.55,9.48,43.44,5.21,4198,249318,248966,352,3997.9
78,2014,BASTIA,MARSEILLE,42.55,9.48,43.44,5.21,3305,231665,231154,511,3436
79,2019,BASTIA,MARSEILLE,42.55,9.48,43.44,5.21,2970,260000,259552,448,2420
80,1999,BASTIA,MONTPELLIER,42.55,9.48,43.58,3.96,1139,21251,14885,6366,5
81,2019,BASTIA,MONTPELLIER,42.55,9.48,43.58,3.96,546,10562,10552,10,2737
82,2014,BASTIA,NANTES,42.55,9.48,47.16,-1.61,561,53521,51095,2426,6
83,2019,BASTIA,NANTES,42.55,9.48,47.16,-1.61,665,91239,91235,4,0
84,1999,BASTIA,NICE,42.55,9.48,43.67,7.21,3376,134381,134059,322,279.3
85,2004,BASTIA,NICE,42.55,9.48,43.67,7.21,2560,111420,111031,389,105.8
86,2009,BASTIA,NICE,42.55,9.48,43.67,7.21,2473,101649,101475,174,9
87,2014,BASTIA,NICE,42.55,9.48,43.67,7.21,2380,101248,100684,564,57
88,2019,BASTIA,NICE,42.55,9.48,43.67,7.21,1929,106406,106059,347,6
89,2014,BASTIA,STRASBOURG,42.55,9.48,48.54,7.63,135,10380,10380,0,0
90,2019,BASTIA,STRASBOURG,42.55,9.48,48.54,7.63,262,31871,31696,175,0
91,2014,BASTIA,TOULOUSE,42.55,9.48,43.63,1.37,274,29667,29532,135,0
92,2019,BASTIA,TOULOUSE,42.55,9.48,43.63,1.37,399,51213,51208,5,0
93,2014,BEAUVAIS,BEZIERS,49.45,2.11,43.32,3.35,362,52389,52389,0,0
94,2019,BEAUVAIS,BEZIERS,49.45,2.11,43.32,3.35,363,59433,59433,0,0
95,2014,BEAUVAIS,FIGARI,49.45,2.11,41.5,9.1,189,26703,26703,0,0
96,2019,BEAUVAIS,FIGARI,49.45,2.11,41.5,9.1,120,19607,19607,0,0
97,2009,BEAUVAIS,MARSEILLE,49.45,2.11,43.44,5.21,739,91633,91633,0,NA
98,2019,BIARRITZ,BALE-MULHOUSE,43.47,-1.53,47.59,7.53,42,5765,5761,4,0
99,1999,BIARRITZ,CLERMONT-FERRAND,43.47,-1.53,45.79,3.16,635,11049,10990,59,1
100,2004,BIARRITZ,CLERMONT-FERRAND,43.47,-1.53,45.79,3.16,1136,22544,22515,29,1.3
101,2019,BIARRITZ,LILLE,43.47,-1.53,50.56,3.09,153,19499,19485,14,0
102,1999,BIARRITZ,LYON,43.47,-1.53,45.73,5.08,1772,37952,37780,172,1
103,2004,BIARRITZ,LYON,43.47,-1.53,45.73,5.08,1811,79553,78743,810,0.8
104,2009,BIARRITZ,LYON,43.47,-1.53,45.73,5.08,1948,111777,111716,61,0.5
105,2014,BIARRITZ,LYON,43.47,-1.53,45.73,5.08,2003,113006,112607,399,0
106,2019,BIARRITZ,LYON,43.47,-1.53,45.73,5.08,1644,130620,130527,93,0
107,2009,BIARRITZ,MARSEILLE,43.47,-1.53,43.44,5.21,290,33436,33345,91,NA
108,2014,BIARRITZ,MARSEILLE,43.47,-1.53,43.44,5.21,215,23820,23778,42,0
109,2019,BIARRITZ,MARSEILLE,43.47,-1.53,43.44,5.21,150,16889,16804,85,0
110,1999,BIARRITZ,NICE,43.47,-1.53,43.67,7.21,724,18625,18603,227,0
111,2014,BIARRITZ,NICE,43.47,-1.53,43.67,7.21,151,7567,7524,43,0
112,2019,BIARRITZ,NICE,43.47,-1.53,43.67,7.21,142,11740,11691,49,0
113,2014,BIARRITZ,STRASBOURG,43.47,-1.53,48.54,7.63,110,8419,8419,0,0
114,2014,BORDEAUX,BALE-MULHOUSE,44.83,-0.8,47.59,7.53,775,110989,110898,91,0
115,2019,BORDEAUX,BALE-MULHOUSE,44.83,-0.8,47.59,7.53,917,137346,137308,38,0
116,2014,BORDEAUX,BREST,44.83,-0.8,48.45,-4.42,718,7653,7342,311,0
117,2019,BORDEAUX,BREST,44.83,-0.8,48.45,-4.42,1271,30199,29874,325,6
118,2014,BORDEAUX,CALVI,44.83,-0.8,42.52,8.79,87,5877,5877,0,0
119,1999,BORDEAUX,CLERMONT-FERRAND,44.83,-0.8,45.79,3.16,1658,28503,28499,4,4
120,2004,BORDEAUX,CLERMONT-FERRAND,44.83,-0.8,45.79,3.16,1162,21357,21337,20,2.1
121,2014,BORDEAUX,FIGARI,44.83,-0.8,41.5,9.1,178,12254,12212,42,0
122,2019,BORDEAUX,FIGARI,44.83,-0.8,41.5,9.1,241,28715,28670,45,0
123,1999,BORDEAUX,LILLE,44.83,-0.8,50.56,3.09,1216,38328,38172,156,1
124,2004,BORDEAUX,LILLE,44.83,-0.8,50.56,3.09,1671,51608,51428,180,1.3
125,2009,BORDEAUX,LILLE,44.83,-0.8,50.56,3.09,1764,60465,60240,225,1
126,2014,BORDEAUX,LILLE,44.83,-0.8,50.56,3.09,2077,136365,136210,155,0
127,2019,BORDEAUX,LILLE,44.83,-0.8,50.56,3.09,2454,227815,227533,282,1
128,1999,BORDEAUX,LYON,44.83,-0.8,45.73,5.08,3902,235262,234674,588,578.8
129,2004,BORDEAUX,LYON,44.83,-0.8,45.73,5.08,3000,258293,257852,441,6.4
130,2009,BORDEAUX,LYON,44.83,-0.8,45.73,5.08,4612,431680,431387,293,10.2
131,2014,BORDEAUX,LYON,44.83,-0.8,45.73,5.08,5534,458128,457386,742,0
132,2019,BORDEAUX,LYON,44.83,-0.8,45.73,5.08,5203,582186,581753,433,1
133,1999,BORDEAUX,MARSEILLE,44.83,-0.8,43.44,5.21,1954,123060,121470,1590,6
134,2004,BORDEAUX,MARSEILLE,44.83,-0.8,43.44,5.21,2398,137418,136959,459,2.3
135,2009,BORDEAUX,MARSEILLE,44.83,-0.8,43.44,5.21,3165,157902,157650,252,11
136,2014,BORDEAUX,MARSEILLE,44.83,-0.8,43.44,5.21,2774,243546,243080,466,0
137,2019,BORDEAUX,MARSEILLE,44.83,-0.8,43.44,5.21,3828,426631,426256,375,16
138,1999,BORDEAUX,METZ-NANCY,44.83,-0.8,48.98,6.25,840,10463,10293,170,0
139,1999,BORDEAUX,MONTPELLIER,44.83,-0.8,43.58,3.96,1384,27261,27066,195,24
140,2019,BORDEAUX,MONTPELLIER,44.83,-0.8,43.58,3.96,758,6756,6584,172,7
141,1999,BORDEAUX,NANTES,44.83,-0.8,47.16,-1.61,2053,32758,32130,628,146
142,2004,BORDEAUX,NANTES,44.83,-0.8,47.16,-1.61,2277,37411,36721,690,1133.3
143,2009,BORDEAUX,NANTES,44.83,-0.8,47.16,-1.61,2155,28332,27959,373,528
144,2014,BORDEAUX,NANTES,44.83,-0.8,47.16,-1.61,1371,16356,16109,247,89
145,2019,BORDEAUX,NANTES,44.83,-0.8,47.16,-1.61,867,7760,7488,272,6
146,1999,BORDEAUX,NICE,44.83,-0.8,43.67,7.21,3367,110954,101886,9068,2
147,2004,BORDEAUX,NICE,44.83,-0.8,43.67,7.21,1451,69227,68623,604,0.4
148,2009,BORDEAUX,NICE,44.83,-0.8,43.67,7.21,1367,75459,75187,272,0.4
149,2014,BORDEAUX,NICE,44.83,-0.8,43.67,7.21,1862,154431,153890,541,0
150,2019,BORDEAUX,NICE,44.83,-0.8,43.67,7.21,2008,270622,270041,581,0
151,1999,BORDEAUX,RENNES,44.83,-0.8,48.07,-1.73,639,10221,10128,93,0.2
152,2004,BORDEAUX,RENNES,44.83,-0.8,48.07,-1.73,1378,15656,15425,231,308.1
153,2014,BORDEAUX,RENNES,44.83,-0.8,48.07,-1.73,707,5439,5283,156,0
154,2019,BORDEAUX,RENNES,44.83,-0.8,48.07,-1.73,739,6524,6365,159,4
155,1999,BORDEAUX,STRASBOURG,44.83,-0.8,48.54,7.63,1710,35734,17958,17776,3
156,2004,BORDEAUX,STRASBOURG,44.83,-0.8,48.54,7.63,1693,55976,55627,349,1.4
157,2009,BORDEAUX,STRASBOURG,44.83,-0.8,48.54,7.63,1780,59186,59180,6,1
158,2014,BORDEAUX,STRASBOURG,44.83,-0.8,48.54,7.63,1552,86946,86946,0,0
159,2019,BORDEAUX,STRASBOURG,44.83,-0.8,48.54,7.63,942,129571,129336,235,0
160,2019,BREST,FIGARI,48.45,-4.42,41.5,9.1,103,12515,12430,85,0
161,2019,BREST,LILLE,48.45,-4.42,50.56,3.09,234,5231,4661,570,0
162,1999,BREST,LYON,48.45,-4.42,45.73,5.08,1689,49104,49062,42,4
163,2004,BREST,LYON,48.45,-4.42,45.73,5.08,1863,68502,68495,7,35.1
164,2009,BREST,LYON,48.45,-4.42,45.73,5.08,1878,91612,91612,0,21
165,2014,BREST,LYON,48.45,-4.42,45.73,5.08,2076,141517,141267,250,12
166,2019,BREST,LYON,48.45,-4.42,45.73,5.08,2127,166465,166089,376,0
167,2004,BREST,MARSEILLE,48.45,-4.42,43.44,5.21,504,19062,19059,3,0.1
168,2009,BREST,MARSEILLE,48.45,-4.42,43.44,5.21,644,93753,93753,0,NA
169,2014,BREST,MARSEILLE,48.45,-4.42,43.44,5.21,887,130286,130235,51,0
170,2019,BREST,MARSEILLE,48.45,-4.42,43.44,5.21,728,125173,124702,471,3
171,2019,BREST,MONTPELLIER,48.45,-4.42,43.58,3.96,150,20618,20541,77,0
172,1999,BREST,NANTES,48.45,-4.42,47.16,-1.61,2103,31600,31507,93,6
173,2004,BREST,NANTES,48.45,-4.42,47.16,-1.61,1363,23439,23438,1,3.2
174,1999,BREST,NICE,48.45,-4.42,43.67,7.21,494,11408,11408,NA,0
175,2004,BREST,NICE,48.45,-4.42,43.67,7.21,498,15485,15471,14,0.2
176,2014,BREST,NICE,48.45,-4.42,43.67,7.21,82,5396,5099,297,0
177,2014,BREST,TOULON,48.45,-4.42,43.1,6.15,209,28629,28627,2,0
178,2019,BREST,TOULON,48.45,-4.42,43.1,6.15,210,29269,29222,47,0
179,1999,BREST,TOULON,48.45,-4.42,43.1,6.15,211,22173,25,22148,0
180,2004,BREST,TOULON,48.45,-4.42,43.1,6.15,119,12351,NA,12351,NA
181,2009,BREST,TOULON,48.45,-4.42,43.1,6.15,225,26516,26516,0,NA
182,2019,BREST,TOULOUSE,48.45,-4.42,43.63,1.37,275,34734,34661,73,0
183,1999,CAEN,CLERMONT-FERRAND,49.17,-0.45,45.79,3.16,1020,16602,16574,28,3
184,2019,CAEN,FIGARI,49.17,-0.45,41.5,9.1,165,18554,18554,0,0
185,1999,CAEN,LYON,49.17,-0.45,45.73,5.08,1267,36057,36057,NA,0
186,2004,CAEN,LYON,49.17,-0.45,45.73,5.08,1880,76440,76398,42,1.7
187,2009,CAEN,LYON,49.17,-0.45,45.73,5.08,1832,73122,73122,0,0.3
188,2014,CAEN,LYON,49.17,-0.45,45.73,5.08,1666,82000,81940,60,0
189,2019,CAEN,LYON,49.17,-0.45,45.73,5.08,1661,111912,111796,116,0
190,2019,CAEN,MARSEILLE,49.17,-0.45,43.44,5.21,863,57402,57317,85,0
191,2019,CAEN,TOULOUSE,49.17,-0.45,43.63,1.37,197,25285,25211,74,0
192,2019,CALVI,BALE-MULHOUSE,42.52,8.79,47.59,7.53,44,6160,6155,5,0
193,2019,CALVI,LYON,42.52,8.79,45.73,5.08,115,6724,6670,54,0
194,1999,CALVI,MARSEILLE,42.52,8.79,43.44,5.21,1091,48511,48446,65,38
195,2004,CALVI,MARSEILLE,42.52,8.79,43.44,5.21,977,38437,38379,58,1.3
196,2009,CALVI,MARSEILLE,42.52,8.79,43.44,5.21,1316,53812,53795,17,1.5
197,2014,CALVI,MARSEILLE,42.52,8.79,43.44,5.21,1348,54579,54578,1,1
198,2019,CALVI,MARSEILLE,42.52,8.79,43.44,5.21,1125,56916,56886,30,1
199,2014,CALVI,NANTES,42.52,8.79,47.16,-1.61,164,12476,12476,0,0
200,1999,CALVI,NICE,42.52,8.79,43.67,7.21,1090,34157,33619,538,9
201,2004,CALVI,NICE,42.52,8.79,43.67,7.21,842,23300,23284,16,0.3
202,2009,CALVI,NICE,42.52,8.79,43.67,7.21,996,29952,29899,53,NA
203,2014,CALVI,NICE,42.52,8.79,43.67,7.21,919,27719,27690,29,4
204,2019,CALVI,NICE,42.52,8.79,43.67,7.21,808,30687,30611,76,6
205,2014,CHALONS,NICE,48.77,4.06,43.67,7.21,128,13240,12067,1173,0
206,1999,CLERMONT-FERRAND,DIJON,45.79,3.16,47.27,5.09,921,13037,12930,107,1
207,1999,CLERMONT-FERRAND,LA-ROCHELLE,45.79,3.16,46.18,-1.2,801,12885,12885,NA,2
208,1999,CLERMONT-FERRAND,LILLE,45.79,3.16,50.56,3.09,1244,11574,11573,1,0
209,2004,CLERMONT-FERRAND,LILLE,45.79,3.16,50.56,3.09,1118,15324,15241,83,5.2
210,2009,CLERMONT-FERRAND,LILLE,45.79,3.16,50.56,3.09,869,14522,14522,0,2.5
211,1999,CLERMONT-FERRAND,LIMOGES,45.79,3.16,45.86,1.18,1109,13912,13162,750,2
212,1999,CLERMONT-FERRAND,LYON,45.79,3.16,45.73,5.08,994,14445,14439,6,7
213,2004,CLERMONT-FERRAND,LYON,45.79,3.16,45.73,5.08,1068,15489,15454,35,17
214,2009,CLERMONT-FERRAND,LYON,45.79,3.16,45.73,5.08,1351,26503,26503,0,1.7
215,2014,CLERMONT-FERRAND,LYON,45.79,3.16,45.73,5.08,874,23114,23059,55,1
216,1999,CLERMONT-FERRAND,MARSEILLE,45.79,3.16,43.44,5.21,1669,33874,33829,45,6
217,2004,CLERMONT-FERRAND,MARSEILLE,45.79,3.16,43.44,5.21,1321,21773,21769,4,1.6
218,2009,CLERMONT-FERRAND,MARSEILLE,45.79,3.16,43.44,5.21,841,11873,11762,111,0.2
219,2004,CLERMONT-FERRAND,METZ-NANCY,45.79,3.16,48.98,6.25,1100,17886,17868,18,1.3
220,1999,CLERMONT-FERRAND,MONTPELLIER,45.79,3.16,43.58,3.96,1267,15763,15734,29,5
221,2004,CLERMONT-FERRAND,MONTPELLIER,45.79,3.16,43.58,3.96,994,14598,14590,8,0.1
222,1999,CLERMONT-FERRAND,NANTES,45.79,3.16,47.16,-1.61,1241,37537,37517,20,90
223,2004,CLERMONT-FERRAND,NANTES,45.79,3.16,47.16,-1.61,1982,46089,46083,6,20.5
224,2009,CLERMONT-FERRAND,NANTES,45.79,3.16,47.16,-1.61,997,21024,20984,40,4.4
225,1999,CLERMONT-FERRAND,NICE,45.79,3.16,43.67,7.21,1081,30844,30786,58,1
226,2004,CLERMONT-FERRAND,NICE,45.79,3.16,43.67,7.21,720,18159,18151,8,0.2
227,2009,CLERMONT-FERRAND,NICE,45.79,3.16,43.67,7.21,634,17918,17725,193,0.1
228,2014,CLERMONT-FERRAND,NICE,45.79,3.16,43.67,7.21,261,9211,9126,85,0
229,1999,CLERMONT-FERRAND,PAU,45.79,3.16,43.38,-0.42,1044,17185,16879,306,5
230,1999,CLERMONT-FERRAND,POITIERS,45.79,3.16,46.59,0.31,1039,15552,15473,79,3
231,1999,CLERMONT-FERRAND,RENNES,45.79,3.16,48.07,-1.73,1455,31016,30862,154,8
232,1999,CLERMONT-FERRAND,STRASBOURG,45.79,3.16,48.54,7.63,1049,20224,20215,9,7
233,2004,CLERMONT-FERRAND,STRASBOURG,45.79,3.16,48.54,7.63,1120,20040,19933,107,3
234,2009,CLERMONT-FERRAND,STRASBOURG,45.79,3.16,48.54,7.63,750,11439,11357,82,0.3
235,1999,CLERMONT-FERRAND,TOULON,45.79,3.16,43.1,6.15,1006,19973,19902,71,1
236,1999,CLERMONT-FERRAND,TOULOUSE,45.79,3.16,43.63,1.37,1884,21345,21203,142,7
237,2004,CLERMONT-FERRAND,TOULOUSE,45.79,3.16,43.63,1.37,1130,21515,21465,50,3.9
238,2019,FIGARI,BALE-MULHOUSE,41.5,9.1,47.59,7.53,51,5776,5761,15,0
239,2019,FIGARI,LILLE,41.5,9.1,50.56,3.09,262,31320,31312,8,0
240,2014,FIGARI,LYON,41.5,9.1,45.73,5.08,112,8892,8885,7,0
241,2019,FIGARI,LYON,41.5,9.1,45.73,5.08,380,39419,39266,153,0
242,1999,FIGARI,MARSEILLE,41.5,9.1,43.44,5.21,1501,74107,74051,56,12
243,2004,FIGARI,MARSEILLE,41.5,9.1,43.44,5.21,1629,63799,63513,286,0.1
244,2009,FIGARI,MARSEILLE,41.5,9.1,43.44,5.21,1983,91720,91389,331,2.8
245,2014,FIGARI,MARSEILLE,41.5,9.1,43.44,5.21,2115,97356,97187,169,2
246,2019,FIGARI,MARSEILLE,41.5,9.1,43.44,5.21,1554,89046,88998,48,1
247,2014,FIGARI,NANTES,41.5,9.1,47.16,-1.61,252,22159,22143,16,0
248,2019,FIGARI,NANTES,41.5,9.1,47.16,-1.61,375,52323,52297,26,0
249,1999,FIGARI,NICE,41.5,9.1,43.67,7.21,827,40126,40036,90,0
250,2004,FIGARI,NICE,41.5,9.1,43.67,7.21,996,33938,33763,175,0.6
251,2009,FIGARI,NICE,41.5,9.1,43.67,7.21,1139,43753,43599,154,0.3
252,2014,FIGARI,NICE,41.5,9.1,43.67,7.21,1162,45554,45353,201,0
253,2019,FIGARI,NICE,41.5,9.1,43.67,7.21,1032,46250,45998,252,6
254,2019,FIGARI,STRASBOURG,41.5,9.1,48.54,7.63,173,19963,19945,18,0
255,2019,FIGARI,TOULOUSE,41.5,9.1,43.63,1.37,230,25189,25147,42,0
256,2009,LA-ROCHELLE,LYON,46.18,-1.2,45.73,5.08,954,15194,15024,170,NA
257,2014,LA-ROCHELLE,LYON,46.18,-1.2,45.73,5.08,991,17962,17598,364,0
258,2019,LA-ROCHELLE,LYON,46.18,-1.2,45.73,5.08,939,20752,19323,1429,0
259,1999,LE-HAVRE,LYON,49.53,0.09,45.73,5.08,1227,19404,9586,9818,1
260,2004,LE-HAVRE,LYON,49.53,0.09,45.73,5.08,1319,19398,19320,78,0.3
261,2009,LE-HAVRE,LYON,49.53,0.09,45.73,5.08,1219,18594,18594,0,NA
262,1999,LE-HAVRE,NANTES,49.53,0.09,47.16,-1.61,1248,15963,15529,434,4
263,2004,LILLE,LYON,50.56,3.09,45.73,5.08,2044,112880,112877,3,3.3
264,2009,LILLE,LYON,50.56,3.09,45.73,5.08,1789,94036,94018,18,3.6
265,2014,LILLE,LYON,50.56,3.09,45.73,5.08,1937,70190,69939,251,0
266,2019,LILLE,LYON,50.56,3.09,45.73,5.08,1572,86629,86194,435,0
267,1999,LILLE,MARSEILLE,50.56,3.09,43.44,5.21,2382,82487,82086,401,16
268,2004,LILLE,MARSEILLE,50.56,3.09,43.44,5.21,2272,100690,100439,251,0.8
269,2009,LILLE,MARSEILLE,50.56,3.09,43.44,5.21,3206,296210,296080,130,0.2
270,2014,LILLE,MARSEILLE,50.56,3.09,43.44,5.21,2275,259514,259281,233,1
271,2019,LILLE,MARSEILLE,50.56,3.09,43.44,5.21,2272,220535,220333,202,7
272,1999,LILLE,MONTPELLIER,50.56,3.09,43.58,3.96,1292,33804,33785,19,4
273,2014,LILLE,MONTPELLIER,50.56,3.09,43.58,3.96,469,20766,20498,268,94
274,2019,LILLE,MONTPELLIER,50.56,3.09,43.58,3.96,309,38431,37838,593,91
275,1999,LILLE,NANTES,50.56,3.09,47.16,-1.61,1327,22508,22273,235,0
276,2004,LILLE,NANTES,50.56,3.09,47.16,-1.61,1431,30823,30269,554,0.7
277,2009,LILLE,NANTES,50.56,3.09,47.16,-1.61,1391,30368,30218,150,0.3
278,2014,LILLE,NANTES,50.56,3.09,47.16,-1.61,1389,48443,48303,140,0
279,2019,LILLE,NANTES,50.56,3.09,47.16,-1.61,1728,103874,103704,170,0
280,1999,LILLE,NICE,50.56,3.09,43.67,7.21,2814,143481,139099,4382,4
281,2004,LILLE,NICE,50.56,3.09,43.67,7.21,1487,94611,90335,4276,0.6
282,2009,LILLE,NICE,50.56,3.09,43.67,7.21,1391,106451,103450,3001,0.3
283,2014,LILLE,NICE,50.56,3.09,43.67,7.21,1374,183702,183236,466,0
284,2019,LILLE,NICE,50.56,3.09,43.67,7.21,2089,312722,312049,673,0
285,1999,LILLE,RENNES,50.56,3.09,48.07,-1.73,1092,12450,11899,551,0
286,1999,LILLE,STRASBOURG,50.56,3.09,48.54,7.63,1640,53335,53165,170,9
287,2004,LILLE,STRASBOURG,50.56,3.09,48.54,7.63,1937,57606,28674,28932,0.6
288,2009,LILLE,STRASBOURG,50.56,3.09,48.54,7.63,1216,27935,27888,47,0.3
289,2014,LILLE,STRASBOURG,50.56,3.09,48.54,7.63,1078,30003,30003,0,0
290,2019,LILLE,STRASBOURG,50.56,3.09,48.54,7.63,837,10739,10383,356,0
291,1999,LILLE,TOULOUSE,50.56,3.09,43.63,1.37,1807,68337,68201,136,17
292,2004,LILLE,TOULOUSE,50.56,3.09,43.63,1.37,1624,76751,38224,38527,0.2
293,2009,LILLE,TOULOUSE,50.56,3.09,43.63,1.37,1717,91147,90910,237,0.6
294,2014,LILLE,TOULOUSE,50.56,3.09,43.63,1.37,2295,179891,179657,234,0
295,2019,LILLE,TOULOUSE,50.56,3.09,43.63,1.37,2546,234307,234081,226,1
296,1999,LIMOGES,LYON,45.86,1.18,45.73,5.08,1108,29582,29521,61,1
297,2004,LIMOGES,LYON,45.86,1.18,45.73,5.08,1545,38254,38138,116,1.9
298,2009,LIMOGES,LYON,45.86,1.18,45.73,5.08,1289,28898,26683,2215,0.3
299,2014,LIMOGES,LYON,45.86,1.18,45.73,5.08,1047,21035,13670,7365,0
300,2019,LIMOGES,LYON,45.86,1.18,45.73,5.08,968,19946,19944,2,0
301,1999,LORIENT,LYON,47.76,-3.44,45.73,5.08,1405,14852,14852,NA,0
302,2004,LORIENT,LYON,47.76,-3.44,45.73,5.08,1609,37948,37947,1,0.5
303,2009,LORIENT,LYON,47.76,-3.44,45.73,5.08,1632,54161,54123,38,0.3
304,2014,LORIENT,LYON,47.76,-3.44,45.73,5.08,1101,17281,17281,0,0
305,2019,LORIENT,LYON,47.76,-3.44,45.73,5.08,1016,36629,36523,106,0
306,2014,LYON,BALE-MULHOUSE,45.73,5.08,47.59,7.53,752,13098,13098,0,0
307,1999,LYON,LILLE,45.73,5.08,50.56,3.09,2564,149038,148841,197,178.5
308,1999,LYON,MARSEILLE,45.73,5.08,43.44,5.21,3531,65959,64961,998,1543.1
309,2004,LYON,MARSEILLE,45.73,5.08,43.44,5.21,2841,58325,58238,87,24.7
310,2009,LYON,MARSEILLE,45.73,5.08,43.44,5.21,2613,68991,68755,236,338.5
311,2014,LYON,MARSEILLE,45.73,5.08,43.44,5.21,2184,45932,45696,236,245
312,2019,LYON,MARSEILLE,45.73,5.08,43.44,5.21,1874,54054,53716,338,218
313,2009,LYON,METZ-NANCY,45.73,5.08,48.98,6.25,1529,53901,53900,1,0.3
314,1999,LYON,METZ-NANCY,45.73,5.08,48.98,6.25,1352,29017,28860,157,0
315,2004,LYON,METZ-NANCY,45.73,5.08,48.98,6.25,1667,50293,49958,335,0.4
316,2014,LYON,METZ-NANCY,45.73,5.08,48.98,6.25,1565,57651,57645,6,0
317,2019,LYON,METZ-NANCY,45.73,5.08,48.98,6.25,1461,56521,56486,35,0
318,2009,LYON,MONTPELLIER,45.73,5.08,43.58,3.96,1440,41703,41703,0,0.2
319,2014,LYON,MONTPELLIER,45.73,5.08,43.58,3.96,940,23247,23232,15,0
320,1999,LYON,NANTES,45.73,5.08,47.16,-1.61,2910,210574,210405,169,57
321,2004,LYON,NANTES,45.73,5.08,47.16,-1.61,3112,241479,241020,459,21
322,2009,LYON,NANTES,45.73,5.08,47.16,-1.61,3126,250972,250750,222,4.7
323,2014,LYON,NANTES,45.73,5.08,47.16,-1.61,4884,362802,362205,597,18
324,2019,LYON,NANTES,45.73,5.08,47.16,-1.61,5088,561037,560760,277,0
325,1999,LYON,NICE,45.73,5.08,43.67,7.21,7847,217528,217440,88,1181
326,2004,LYON,NICE,45.73,5.08,43.67,7.21,3107,158796,158644,152,981.1
327,2009,LYON,NICE,45.73,5.08,43.67,7.21,2434,151059,150973,86,1.3
328,2014,LYON,NICE,45.73,5.08,43.67,7.21,2126,208675,208049,626,6
329,2019,LYON,NICE,45.73,5.08,43.67,7.21,1937,209563,208951,612,0
330,1999,LYON,PAU,45.73,5.08,43.38,-0.42,2214,52474,52361,113,4
331,2004,LYON,PAU,45.73,5.08,43.38,-0.42,1700,61314,61246,68,0.2
332,2009,LYON,PAU,45.73,5.08,43.38,-0.42,1715,63649,63649,0,0.4
333,2014,LYON,PAU,45.73,5.08,43.38,-0.42,1678,66674,66671,3,0
334,2019,LYON,PAU,45.73,5.08,43.38,-0.42,1534,80026,79912,114,0
335,1999,LYON,POITIERS,45.73,5.08,46.59,0.31,977,18427,18424,3,0
336,2009,LYON,POITIERS,45.73,5.08,46.59,0.31,902,10882,10882,0,0.1
337,2014,LYON,POITIERS,45.73,5.08,46.59,0.31,974,17983,17932,51,0
338,2019,LYON,POITIERS,45.73,5.08,46.59,0.31,951,21229,21103,126,0
339,1999,LYON,RENNES,45.73,5.08,48.07,-1.73,1988,68575,68529,46,6
340,2004,LYON,RENNES,45.73,5.08,48.07,-1.73,2047,84851,84745,106,12.2
341,2009,LYON,RENNES,45.73,5.08,48.07,-1.73,1893,99750,99750,0,16.4
342,2014,LYON,RENNES,45.73,5.08,48.07,-1.73,1540,83057,82362,695,7
343,2019,LYON,RENNES,45.73,5.08,48.07,-1.73,2076,179236,178955,281,0
344,1999,LYON,ROUEN,45.73,5.08,49.39,1.18,1119,11985,11982,3,0
345,2004,LYON,ROUEN,45.73,5.08,49.39,1.18,1506,15499,15494,5,NA
346,2009,LYON,ROUEN,45.73,5.08,49.39,1.18,1202,16362,16362,0,0.2
347,2019,LYON,ROUEN,45.73,5.08,49.39,1.18,237,7196,7150,46,0
348,1999,LYON,STRASBOURG,45.73,5.08,48.54,7.63,2763,125534,125216,318,14
349,2004,LYON,STRASBOURG,45.73,5.08,48.54,7.63,2911,124307,123918,389,2.7
350,2009,LYON,STRASBOURG,45.73,5.08,48.54,7.63,2694,110704,110702,2,1.1
351,2014,LYON,STRASBOURG,45.73,5.08,48.54,7.63,1481,87994,87994,0,1
352,2019,LYON,STRASBOURG,45.73,5.08,48.54,7.63,1600,109825,109668,157,0
353,1999,LYON,TOULOUSE,45.73,5.08,43.63,1.37,5608,234263,233770,493,1865.3
354,2004,LYON,TOULOUSE,45.73,5.08,43.63,1.37,3839,234757,234654,103,1908.6
355,2009,LYON,TOULOUSE,45.73,5.08,43.63,1.37,5360,383122,382909,213,3492.6
356,2014,LYON,TOULOUSE,45.73,5.08,43.63,1.37,4432,344807,344662,145,3997
357,2019,LYON,TOULOUSE,45.73,5.08,43.63,1.37,4687,428425,428130,295,4076
358,2014,MARSEILLE,BALE-MULHOUSE,43.44,5.21,47.59,7.53,745,5630,5521,109,0
359,1999,MARSEILLE,METZ-NANCY,43.44,5.21,48.98,6.25,989,26429,26309,120,0
360,2004,MARSEILLE,METZ-NANCY,43.44,5.21,48.98,6.25,1235,10489,10336,153,1962.4
361,2014,MARSEILLE,METZ-NANCY,43.44,5.21,48.98,6.25,772,7251,7092,159,0
362,2019,MARSEILLE,METZ-NANCY,43.44,5.21,48.98,6.25,943,16175,16059,116,0
363,1999,MARSEILLE,NANTES,43.44,5.21,47.16,-1.61,2783,113681,113367,314,32
364,2004,MARSEILLE,NANTES,43.44,5.21,47.16,-1.61,2595,134932,132267,2665,1.5
365,2009,MARSEILLE,NANTES,43.44,5.21,47.16,-1.61,3232,261045,260818,227,1.2
366,2014,MARSEILLE,NANTES,43.44,5.21,47.16,-1.61,2716,316994,316669,325,0
367,2019,MARSEILLE,NANTES,43.44,5.21,47.16,-1.61,2875,362446,362208,238,2
368,1999,MARSEILLE,NICE,43.44,5.21,43.67,7.21,2068,15238,15189,49,2
369,2014,MARSEILLE,PAU,43.44,5.21,43.38,-0.42,775,7212,7188,24,22
370,2019,MARSEILLE,PAU,43.44,5.21,43.38,-0.42,732,5816,5809,7,0
371,1999,MARSEILLE,RENNES,43.44,5.21,48.07,-1.73,1562,13457,13186,271,1287.2
372,2004,MARSEILLE,RENNES,43.44,5.21,48.07,-1.73,1747,30433,30225,208,3066.9
373,2009,MARSEILLE,RENNES,43.44,5.21,48.07,-1.73,1413,43529,43247,282,678.1
374,2014,MARSEILLE,RENNES,43.44,5.21,48.07,-1.73,970,69050,68847,203,1639
375,2019,MARSEILLE,RENNES,43.44,5.21,48.07,-1.73,1100,77025,76814,211,74
376,1999,MARSEILLE,STRASBOURG,43.44,5.21,48.54,7.63,1863,44153,22343,21810,5
377,2004,MARSEILLE,STRASBOURG,43.44,5.21,48.54,7.63,2258,72798,72487,311,0.8
378,2009,MARSEILLE,STRASBOURG,43.44,5.21,48.54,7.63,1819,69620,69527,93,0.6
379,2014,MARSEILLE,STRASBOURG,43.44,5.21,48.54,7.63,1679,67923,67823,100,0
380,2019,MARSEILLE,STRASBOURG,43.44,5.21,48.54,7.63,1425,105969,105697,272,0
381,1999,MARSEILLE,TOULOUSE,43.44,5.21,43.63,1.37,1796,44671,44049,622,95
382,2004,MARSEILLE,TOULOUSE,43.44,5.21,43.63,1.37,2198,52572,52233,339,526.5
383,2009,MARSEILLE,TOULOUSE,43.44,5.21,43.63,1.37,2007,54435,54172,263,224.1
384,2014,MARSEILLE,TOULOUSE,43.44,5.21,43.63,1.37,1505,51304,51058,246,0
385,2019,MARSEILLE,TOULOUSE,43.44,5.21,43.63,1.37,1593,77000,76739,261,20
386,2009,MARSEILLE,TOURS,43.44,5.21,47.43,0.72,237,29519,29511,8,NA
387,2014,MARSEILLE,TOURS,43.44,5.21,47.43,0.72,166,23445,23423,22,0
388,2019,MARSEILLE,TOURS,43.44,5.21,47.43,0.72,202,32244,32223,21,0
389,1999,METZ-NANCY,NANTES,48.98,6.25,47.16,-1.61,1019,11851,11645,206,16
390,2009,METZ-NANCY,NICE,48.98,6.25,43.67,7.21,621,24898,24794,104,NA
391,1999,METZ-NANCY,NICE,48.98,6.25,43.67,7.21,484,21443,21200,243,0
392,2004,METZ-NANCY,NICE,48.98,6.25,43.67,7.21,837,18003,15242,2761,689.9
393,1999,METZ-NANCY,TOULOUSE,48.98,6.25,43.63,1.37,964,19345,19225,120,0
394,2014,METZ-NANCY,NICE,48.98,6.25,43.67,7.21,599,24993,24748,245,0
395,2019,METZ-NANCY,NICE,48.98,6.25,43.67,7.21,451,19051,18837,214,0
396,2014,METZ-NANCY,TOULOUSE,48.98,6.25,43.63,1.37,768,7281,7122,159,0
397,2019,METZ-NANCY,TOULOUSE,48.98,6.25,43.63,1.37,735,6916,6851,65,0
398,2014,MONTPELLIER,BALE-MULHOUSE,43.58,3.96,47.59,7.53,229,29597,29590,7,0
399,2019,MONTPELLIER,BALE-MULHOUSE,43.58,3.96,47.59,7.53,290,41686,41681,5,0
400,1999,MONTPELLIER,NANTES,43.58,3.96,47.16,-1.61,1835,48811,48652,159,6
401,2004,MONTPELLIER,NANTES,43.58,3.96,47.16,-1.61,1036,26535,26307,228,1
402,2009,MONTPELLIER,NANTES,43.58,3.96,47.16,-1.61,1767,59364,59328,36,NA
403,2014,MONTPELLIER,NANTES,43.58,3.96,47.16,-1.61,2106,120445,120292,153,0
404,2019,MONTPELLIER,NANTES,43.58,3.96,47.16,-1.61,1228,169162,168865,297,0
405,1999,MONTPELLIER,NICE,43.58,3.96,43.67,7.21,1453,34433,34321,112,61
406,2004,MONTPELLIER,RENNES,43.58,3.96,48.07,-1.73,616,17361,17249,112,NA
407,1999,MONTPELLIER,STRASBOURG,43.58,3.96,48.54,7.63,1306,32432,28347,4085,17
408,2014,MONTPELLIER,STRASBOURG,43.58,3.96,48.54,7.63,598,30565,30565,0,0
409,2019,MONTPELLIER,STRASBOURG,43.58,3.96,48.54,7.63,186,24606,24399,207,0
410,2014,NANTES,BALE-MULHOUSE,47.16,-1.61,47.59,7.53,437,61672,61612,60,2
411,2019,NANTES,BALE-MULHOUSE,47.16,-1.61,47.59,7.53,562,85873,85870,3,0
412,1999,NANTES,NICE,47.16,-1.61,43.67,7.21,2816,109324,109020,304,3
413,2004,NANTES,NICE,47.16,-1.61,43.67,7.21,1482,79338,78958,380,0.5
414,2009,NANTES,NICE,47.16,-1.61,43.67,7.21,1454,98484,97897,587,1.1
415,2014,NANTES,NICE,47.16,-1.61,43.67,7.21,1309,182885,181937,948,0
416,2019,NANTES,NICE,47.16,-1.61,43.67,7.21,1921,277577,277363,214,0
417,2014,NANTES,PERPIGNAN,47.16,-1.61,42.74,2.87,131,8336,8283,53,0
418,2019,NANTES,PERPIGNAN,47.16,-1.61,42.74,2.87,127,16797,16784,13,0
419,1999,NANTES,STRASBOURG,47.16,-1.61,48.54,7.63,1239,43906,43867,39,3
420,2004,NANTES,STRASBOURG,47.16,-1.61,48.54,7.63,1635,61742,61637,105,0.8
421,2009,NANTES,STRASBOURG,47.16,-1.61,48.54,7.63,1485,50390,50369,21,0.4
422,2014,NANTES,STRASBOURG,47.16,-1.61,48.54,7.63,1825,80908,80899,9,0
423,2019,NANTES,STRASBOURG,47.16,-1.61,48.54,7.63,1910,125163,124921,242,0
424,1999,NANTES,TOULOUSE,47.16,-1.61,43.63,1.37,1669,55788,54227,1561,737.8
425,2004,NANTES,TOULOUSE,47.16,-1.61,43.63,1.37,2106,86373,85727,646,787
426,2009,NANTES,TOULOUSE,47.16,-1.61,43.63,1.37,2771,92508,87072,5436,28.6
427,2014,NANTES,TOULOUSE,47.16,-1.61,43.63,1.37,3136,185218,184825,393,66
428,2019,NANTES,TOULOUSE,47.16,-1.61,43.63,1.37,3753,316058,311130,4928,0
429,2014,NICE,BALE-MULHOUSE,43.67,7.21,47.59,7.53,1170,153572,153380,192,0
430,2019,NICE,BALE-MULHOUSE,43.67,7.21,47.59,7.53,1335,186381,186270,111,0
431,1999,NICE,RENNES,43.67,7.21,48.07,-1.73,1262,31787,26833,4954,3
432,2004,NICE,RENNES,43.67,7.21,48.07,-1.73,721,26006,25640,366,0.3
433,2009,NICE,RENNES,43.67,7.21,48.07,-1.73,737,32072,31830,242,0.1
434,2014,NICE,RENNES,43.67,7.21,48.07,-1.73,728,31229,30684,545,0
435,2019,NICE,RENNES,43.67,7.21,48.07,-1.73,776,81144,80381,763,0
436,1999,NICE,STRASBOURG,43.67,7.21,48.54,7.63,3342,126621,123640,2981,4
437,2004,NICE,STRASBOURG,43.67,7.21,48.54,7.63,1414,84715,84534,181,1.2
438,2009,NICE,STRASBOURG,43.67,7.21,48.54,7.63,1349,84801,84618,183,0.2
439,2014,NICE,STRASBOURG,43.67,7.21,48.54,7.63,927,102385,102218,167,0
440,2019,NICE,STRASBOURG,43.67,7.21,48.54,7.63,1272,125555,125177,378,0
441,1999,NICE,TOULOUSE,43.67,7.21,43.63,1.37,4461,130332,130061,271,10
442,2004,NICE,TOULOUSE,43.67,7.21,43.63,1.37,1842,64567,64113,454,0.4
443,2009,NICE,TOULOUSE,43.67,7.21,43.63,1.37,1899,79330,78933,397,0.2
444,2014,NICE,TOULOUSE,43.67,7.21,43.63,1.37,2214,139599,139206,393,5
445,2019,NICE,TOULOUSE,43.67,7.21,43.63,1.37,1246,161873,161320,553,0
446,2009,PARIS,AGEN,48.85,2.35,44.17,0.59,1252,27395,26418,977,NA
447,2014,PARIS,AGEN,48.85,2.35,44.17,0.59,1374,39463,39457,6,0
448,2019,PARIS,AGEN,48.85,2.35,44.17,0.59,901,13920,13878,42,0
449,1999,PARIS,AGEN,48.85,2.35,44.17,0.59,1643,24250,24131,119,0
450,1999,PARIS,AJACCIO,48.85,2.35,41.92,8.8,3076,430851,357956,72895,467
451,2004,PARIS,AJACCIO,48.85,2.35,41.92,8.8,3523,431909,409197,22712,553.8
452,2009,PARIS,AJACCIO,48.85,2.35,41.92,8.8,3922,522098,509720,12378,519.9
453,2014,PARIS,AJACCIO,48.85,2.35,41.92,8.8,4358,564061,552667,11394,291
454,2019,PARIS,AJACCIO,48.85,2.35,41.92,8.8,4047,556737,553462,3275,234
455,1999,PARIS,ANNECY,48.85,2.35,45.93,6.11,1769,76158,76092,66,3
456,2004,PARIS,ANNECY,48.85,2.35,45.93,6.11,1492,46372,46372,0,0.2
457,2009,PARIS,ANNECY,48.85,2.35,45.93,6.11,1742,48485,48330,155,NA
458,1999,PARIS,AURILLAC,48.85,2.35,44.9,2.42,1100,17121,16822,299,0
459,2004,PARIS,AURILLAC,48.85,2.35,44.9,2.42,1009,14620,14425,195,0.1
460,2009,PARIS,AURILLAC,48.85,2.35,44.9,2.42,990,20346,20250,96,NA
461,2014,PARIS,AURILLAC,48.85,2.35,44.9,2.42,982,26953,26953,0,0
462,2019,PARIS,AURILLAC,48.85,2.35,44.9,2.42,1287,38187,38187,0,0
463,1999,PARIS,AVIGNON,48.85,2.35,43.91,4.9,1907,127760,127733,27,7
464,2004,PARIS,AVIGNON,48.85,2.35,43.91,4.9,2296,74048,73884,164,3.1
465,2009,PARIS,BALE-MULHOUSE,48.85,2.35,47.59,7.53,9689,375161,375119,42,7714.2
466,1999,PARIS,BALE-MULHOUSE,48.85,2.35,47.59,7.53,11178,677834,676448,1386,5138.1
467,2004,PARIS,BALE-MULHOUSE,48.85,2.35,47.59,7.53,10463,559573,558989,584,7880.4
468,2014,PARIS,BALE-MULHOUSE,48.85,2.35,47.59,7.53,7803,279674,279651,23,10961
469,2019,PARIS,BALE-MULHOUSE,48.85,2.35,47.59,7.53,4432,225675,225675,0,11719
470,1999,PARIS,BASTIA,48.85,2.35,42.55,9.48,2543,286558,260331,26227,308.3
471,2004,PARIS,BASTIA,48.85,2.35,42.55,9.48,3644,318898,315850,3048,446.7
472,2009,PARIS,BASTIA,48.85,2.35,42.55,9.48,3627,447219,443662,3557,491.6
473,2014,PARIS,BASTIA,48.85,2.35,42.55,9.48,3509,453669,448989,4680,250
474,2019,PARIS,BASTIA,48.85,2.35,42.55,9.48,3717,494353,493765,588,229
475,1999,PARIS,BERGERAC,48.85,2.35,44.82,0.52,1492,17871,17797,74,0
476,2004,PARIS,BERGERAC,48.85,2.35,44.82,0.52,1541,11817,11624,193,NA
477,1999,PARIS,BEZIERS,48.85,2.35,43.32,3.35,2081,79216,79216,NA,18
478,2004,PARIS,BEZIERS,48.85,2.35,43.32,3.35,1501,34223,34210,13,0.4
479,1999,PARIS,BIARRITZ,48.85,2.35,43.47,-1.53,5622,633851,631430,2421,580.7
480,2004,PARIS,BIARRITZ,48.85,2.35,43.47,-1.53,4867,537673,536883,790,183.1
481,2009,PARIS,BIARRITZ,48.85,2.35,43.47,-1.53,5331,638615,638280,335,0.6
482,2014,PARIS,BIARRITZ,48.85,2.35,43.47,-1.53,5379,684578,683674,904,0
483,2019,PARIS,BIARRITZ,48.85,2.35,43.47,-1.53,5622,631360,631036,324,4
484,1999,PARIS,BORDEAUX,48.85,2.35,44.83,-0.8,15535,1603041,1600476,2565,2010
485,2004,PARIS,BORDEAUX,48.85,2.35,44.83,-0.8,13131,1414941,1414541,400,890.8
486,2009,PARIS,BORDEAUX,48.85,2.35,44.83,-0.8,12922,1422807,1421599,1208,777.4
487,2014,PARIS,BORDEAUX,48.85,2.35,44.83,-0.8,11079,1539478,1538353,1125,905
488,2019,PARIS,BORDEAUX,48.85,2.35,44.83,-0.8,10611,1218505,1218251,254,6746
489,1999,PARIS,BREST,48.85,2.35,48.45,-4.42,6822,512803,512216,587,380.1
490,2004,PARIS,BREST,48.85,2.35,48.45,-4.42,5868,444614,444282,332,127.1
491,2009,PARIS,BREST,48.85,2.35,48.45,-4.42,5545,460083,459824,259,78
492,2014,PARIS,BREST,48.85,2.35,48.45,-4.42,6633,527898,527673,225,88
493,2019,PARIS,BREST,48.85,2.35,48.45,-4.42,5738,560930,560350,580,381
494,1999,PARIS,BRIVE,48.85,2.35,45.04,1.48,1340,41155,41128,27,1
495,2004,PARIS,BRIVE,48.85,2.35,45.04,1.48,1007,21912,21873,39,0.2
496,2009,PARIS,BRIVE,48.85,2.35,45.04,1.48,946,20236,20069,167,0.1
497,2014,PARIS,BRIVE,48.85,2.35,45.04,1.48,1451,42144,42106,38,0
498,2019,PARIS,BRIVE,48.85,2.35,45.04,1.48,1509,49366,48916,450,0
499,1999,PARIS,CALVI,48.85,2.35,42.52,8.79,951,117810,86121,31689,62
500,2004,PARIS,CALVI,48.85,2.35,42.52,8.79,1004,103190,94011,9179,23.1
501,2009,PARIS,CALVI,48.85,2.35,42.52,8.79,1169,140920,133055,7865,12
502,2014,PARIS,CALVI,48.85,2.35,42.52,8.79,1244,158997,148364,10633,6
503,2019,PARIS,CALVI,48.85,2.35,42.52,8.79,1347,155688,155687,1,0
504,1999,PARIS,CARCASSONNE,48.85,2.35,43.22,2.31,1772,30217,30180,37,1
505,2004,PARIS,CASTRES-MAZAMET,48.85,2.35,43.55,2.29,890,15670,15660,10,NA
506,2009,PARIS,CASTRES-MAZAMET,48.85,2.35,43.55,2.29,1215,26341,24727,1614,0.2
507,2014,PARIS,CASTRES-MAZAMET,48.85,2.35,43.55,2.29,1376,40568,40093,475,0
508,2019,PARIS,CASTRES-MAZAMET,48.85,2.35,43.55,2.29,1411,45754,43644,2110,0
509,1999,PARIS,CASTRES-MAZAMET,48.85,2.35,43.55,2.29,1134,18926,18926,NA,0
510,1999,PARIS,CHAMBERY,48.85,2.35,45.64,5.88,1514,25691,25255,436,3
511,2014,PARIS,CHAMBERY,48.85,2.35,45.64,5.88,63,5282,4902,380,0
512,1999,PARIS,CHERBOURG,48.85,2.35,49.65,-1.5,953,11973,11847,126,1
513,1999,PARIS,CLERMONT-FERRAND,48.85,2.35,45.79,3.16,4250,304961,304808,153,230.8
514,2004,PARIS,CLERMONT-FERRAND,48.85,2.35,45.79,3.16,5118,265518,265464,54,93.9
515,2009,PARIS,CLERMONT-FERRAND,48.85,2.35,45.79,3.16,5643,241070,240751,319,40.1
516,2014,PARIS,CLERMONT-FERRAND,48.85,2.35,45.79,3.16,5352,299480,299283,197,110
517,2019,PARIS,CLERMONT-FERRAND,48.85,2.35,45.79,3.16,4792,280684,280644,40,11
518,1999,PARIS,EPINAL,48.85,2.35,48.33,6.07,1026,10428,10108,320,0
519,1999,PARIS,FIGARI,48.85,2.35,41.5,9.1,1308,131962,111868,20094,21
520,2004,PARIS,FIGARI,48.85,2.35,41.5,9.1,1046,116910,108071,8839,NA
521,2009,PARIS,FIGARI,48.85,2.35,41.5,9.1,1495,189410,173495,15915,0.4
522,2014,PARIS,FIGARI,48.85,2.35,41.5,9.1,1678,200089,200064,25,0
523,2019,PARIS,FIGARI,48.85,2.35,41.5,9.1,1665,236945,236937,8,0
524,1999,PARIS,GRENOBLE,48.85,2.35,45.36,5.33,2698,199861,199722,139,66
525,2004,PARIS,GRENOBLE,48.85,2.35,45.36,5.33,1887,56382,56374,8,9.1
526,1999,PARIS,LA-ROCHELLE,48.85,2.35,46.18,-1.2,1755,39990,39614,376,1
527,2014,PARIS,LA-ROCHELLE,48.85,2.35,46.18,-1.2,720,8483,8483,0,0
528,2019,PARIS,LA-ROCHELLE,48.85,2.35,46.18,-1.2,511,20823,20813,10,0
529,1999,PARIS,LANNION,48.85,2.35,48.76,-3.47,1239,58086,58086,NA,19
530,2004,PARIS,LANNION,48.85,2.35,48.76,-3.47,1481,50604,50604,0,NA
531,2009,PARIS,LANNION,48.85,2.35,48.76,-3.47,1321,33980,33887,93,NA
532,2014,PARIS,LANNION,48.85,2.35,48.76,-3.47,1046,31224,31088,136,0
533,2014,PARIS,LE-PUY-EN-VELAY,48.85,2.35,45.08,3.76,859,7538,7538,0,0
534,2019,PARIS,LE-PUY-EN-VELAY,48.85,2.35,45.08,3.76,846,5396,5396,0,0
535,1999,PARIS,LIMOGES,48.85,2.35,45.86,1.18,3091,77609,77259,350,38
536,2004,PARIS,LIMOGES,48.85,2.35,45.86,1.18,2278,65088,65021,67,14.6
537,2009,PARIS,LIMOGES,48.85,2.35,45.86,1.18,2093,34446,34404,42,1.2
538,2014,PARIS,LIMOGES,48.85,2.35,45.86,1.18,1143,10255,10202,53,0
539,2019,PARIS,LIMOGES,48.85,2.35,45.86,1.18,799,10776,5210,5566,4
540,1999,PARIS,LORIENT,48.85,2.35,47.76,-3.44,2675,194985,194540,445,91
541,2004,PARIS,LORIENT,48.85,2.35,47.76,-3.44,2486,150561,150504,57,15
542,2009,PARIS,LORIENT,48.85,2.35,47.76,-3.44,2372,120436,120331,105,0.5
543,2014,PARIS,LORIENT,48.85,2.35,47.76,-3.44,2028,102005,102005,0,0
544,2019,PARIS,LORIENT,48.85,2.35,47.76,-3.44,1425,58431,58431,0,4
545,1999,PARIS,LYON,48.85,2.35,45.73,5.08,9627,760626,757917,2709,4305.3
546,2004,PARIS,LYON,48.85,2.35,45.73,5.08,9632,637348,637130,218,768.5
547,2009,PARIS,LYON,48.85,2.35,45.73,5.08,7408,498627,498317,310,1513.4
548,2014,PARIS,LYON,48.85,2.35,45.73,5.08,7095,613395,613004,391,2270
549,2019,PARIS,LYON,48.85,2.35,45.73,5.08,6451,696318,695829,489,9781
550,1999,PARIS,MARSEILLE,48.85,2.35,43.44,5.21,29974,2928110,2926642,1468,9088.3
551,2004,PARIS,MARSEILLE,48.85,2.35,43.44,5.21,21502,2048621,2044415,4206,4973.9
552,2009,PARIS,MARSEILLE,48.85,2.35,43.44,5.21,17758,1638329,1637851,478,1133.4
553,2014,PARIS,MARSEILLE,48.85,2.35,43.44,5.21,14153,1502196,1501840,356,12899
554,2019,PARIS,MARSEILLE,48.85,2.35,43.44,5.21,13816,1558924,1558665,259,29183
555,1999,PARIS,METZ-NANCY,48.85,2.35,48.98,6.25,2438,88607,88314,293,60
556,2004,PARIS,METZ-NANCY,48.85,2.35,48.98,6.25,2327,68984,68972,12,486.2
557,1999,PARIS,MONTPELLIER,48.85,2.35,43.58,3.96,12603,1290306,1289770,536,1852.9
558,2004,PARIS,MONTPELLIER,48.85,2.35,43.58,3.96,9362,978778,977458,1320,534.2
559,2009,PARIS,MONTPELLIER,48.85,2.35,43.58,3.96,8400,827427,827399,28,468.6
560,2014,PARIS,MONTPELLIER,48.85,2.35,43.58,3.96,7422,807482,807159,323,945
561,2019,PARIS,MONTPELLIER,48.85,2.35,43.58,3.96,9131,989450,989198,252,9934
562,1999,PARIS,NANTES,48.85,2.35,47.16,-1.61,6912,342128,337257,4871,201.7
563,2004,PARIS,NANTES,48.85,2.35,47.16,-1.61,3480,280735,280412,323,234.7
564,2009,PARIS,NANTES,48.85,2.35,47.16,-1.61,3404,292004,291774,230,129.8
565,2014,PARIS,NANTES,48.85,2.35,47.16,-1.61,5238,459097,458451,646,50
566,2019,PARIS,NANTES,48.85,2.35,47.16,-1.61,5361,550910,550782,128,199
567,1999,PARIS,NICE,48.85,2.35,43.67,7.21,29811,3256326,3255365,961,3945.5
568,2004,PARIS,NICE,48.85,2.35,43.67,7.21,24849,3077845,3076068,1777,1158.1
569,2009,PARIS,NICE,48.85,2.35,43.67,7.21,23042,2970026,2969045,981,1162.7
570,2014,PARIS,NICE,48.85,2.35,43.67,7.21,22699,2870710,2862863,7847,1799
571,2019,PARIS,NICE,48.85,2.35,43.67,7.21,21403,3178806,3174500,4306,1314
572,1999,PARIS,NIMES,48.85,2.35,43.76,4.42,2959,278258,277436,822,294.8
573,1999,PARIS,PAU,48.85,2.35,43.38,-0.42,5160,518631,518061,570,463.8
574,2004,PARIS,PAU,48.85,2.35,43.38,-0.42,6512,555604,554706,898,264.1
575,2009,PARIS,PAU,48.85,2.35,43.38,-0.42,6549,508407,508346,61,279.5
576,2014,PARIS,PAU,48.85,2.35,43.38,-0.42,5842,539460,539438,22,48
577,2019,PARIS,PAU,48.85,2.35,43.38,-0.42,5660,478837,478814,23,4
578,1999,PARIS,PERIGUEUX,48.85,2.35,45.2,0.82,1615,27941,27850,91,0
579,2004,PARIS,PERIGUEUX,48.85,2.35,45.2,0.82,1573,18049,17903,146,NA
580,2014,PARIS,PERIGUEUX,48.85,2.35,45.2,0.82,819,5170,5071,99,0
581,1999,PARIS,PERPIGNAN,48.85,2.35,42.74,2.87,4958,475894,475894,NA,294.1
582,2004,PARIS,PERPIGNAN,48.85,2.35,42.74,2.87,2767,276399,275423,976,3.3
583,2009,PARIS,PERPIGNAN,48.85,2.35,42.74,2.87,2761,254668,254115,553,1
584,2014,PARIS,PERPIGNAN,48.85,2.35,42.74,2.87,2994,210044,210044,0,1
585,2019,PARIS,PERPIGNAN,48.85,2.35,42.74,2.87,2882,254667,253965,702,0
586,1999,PARIS,QUIMPER,48.85,2.35,47.98,-4.18,153224,153162,62,35
587,2004,PARIS,QUIMPER,48.85,2.35,47.98,-4.18,133915,133733,182,10.4
588,2009,PARIS,QUIMPER,48.85,2.35,47.98,-4.18,112885,112885,0,0.4
589,2014,PARIS,QUIMPER,48.85,2.35,47.98,-4.18,93336,93165,171,0
590,2019,PARIS,QUIMPER,48.85,2.35,47.98,-4.18,49024,49024,0,0
591,1999,PARIS,RENNES,48.85,2.35,48.07,-1.73,4219,106025,105973,52,1012.5
592,2004,PARIS,RENNES,48.85,2.35,48.07,-1.73,3949,103589,103554,35,142.6
593,2009,PARIS,RENNES,48.85,2.35,48.07,-1.73,2983,89972,89929,43,187
594,2014,PARIS,RENNES,48.85,2.35,48.07,-1.73,3094,117107,116851,256,329
595,2019,PARIS,RENNES,48.85,2.35,48.07,-1.73,2560,149007,148830,177,767
596,1999,PARIS,ROANNE,48.85,2.35,46.05,4,892,10038,9945,93,0
597,1999,PARIS,RODEZ,48.85,2.35,44.41,2.48,1605,82127,67337,14790,4
598,2004,PARIS,RODEZ,48.85,2.35,44.41,2.48,1711,74120,73470,650,0.9
599,2009,PARIS,RODEZ,48.85,2.35,44.41,2.48,1710,61747,61667,80,0.1
600,2014,PARIS,RODEZ,48.85,2.35,44.41,2.48,1678,62433,62408,25,0
601,2019,PARIS,RODEZ,48.85,2.35,44.41,2.48,1670,50823,50823,0,0
602,1999,PARIS,ST-BRIEUC,48.85,2.35,48.54,-2.86,1097,10127,10036,91,1
603,1999,PARIS,ST-ETIENNE,48.85,2.35,45.53,4.3,1373,66404,66374,30,14
604,1999,PARIS,STRASBOURG,48.85,2.35,48.54,7.63,12608,1284456,1282839,1617,1032.4
605,2004,PARIS,STRASBOURG,48.85,2.35,48.54,7.63,10824,1029919,1029691,228,428.3
606,2009,PARIS,STRASBOURG,48.85,2.35,48.54,7.63,6827,354613,354450,163,149.4
607,2014,PARIS,STRASBOURG,48.85,2.35,48.54,7.63,2883,157207,157207,0,17
608,1999,PARIS,TARBES,48.85,2.35,43.19,0,740,75571,75307,264,22
609,2004,PARIS,TARBES,48.85,2.35,43.19,0,1010,51732,51515,217,0.1
610,2009,PARIS,TARBES,48.85,2.35,43.19,0,2071,110099,109682,417,0.3
611,2014,PARIS,TARBES,48.85,2.35,43.19,0,1929,100968,100968,0,0
612,2019,PARIS,TARBES,48.85,2.35,43.19,0,1922,134160,133811,349,4
613,2014,PARIS,TOULON,48.85,2.35,43.1,6.15,4045,415275,414927,348,0
614,2019,PARIS,TOULON,48.85,2.35,43.1,6.15,4631,392272,391520,752,4
615,1999,PARIS,TOULON,48.85,2.35,43.1,6.15,7159,665212,664987,225,637.9
616,2004,PARIS,TOULON,48.85,2.35,43.1,6.15,4111,457237,456750,487,0.6
617,2009,PARIS,TOULON,48.85,2.35,43.1,6.15,3936,419534,419413,121,0.2
618,1999,PARIS,TOULOUSE,48.85,2.35,43.63,1.37,32633,2955423,2949392,6031,10901.4
619,2004,PARIS,TOULOUSE,48.85,2.35,43.63,1.37,26592,2934798,2932309,2489,5433.5
620,2009,PARIS,TOULOUSE,48.85,2.35,43.63,1.37,26216,2964620,2964196,424,3355.4
621,2014,PARIS,TOULOUSE,48.85,2.35,43.63,1.37,24795,3158331,3157692,639,6531
622,2019,PARIS,TOULOUSE,48.85,2.35,43.63,1.37,23627,3216301,3215907,394,15115
623,1999,RENNES,STRASBOURG,48.07,-1.73,48.54,7.63,1171,13786,9391,4395,0
624,2004,RENNES,STRASBOURG,48.07,-1.73,48.54,7.63,1050,23743,23646,97,0.6
625,2019,RENNES,STRASBOURG,48.07,-1.73,48.54,7.63,128,6229,6113,116,0
626,1999,RENNES,TOULOUSE,48.07,-1.73,43.63,1.37,1329,38545,38474,71,4
627,2004,RENNES,TOULOUSE,48.07,-1.73,43.63,1.37,1606,47271,47191,80,0.6
628,2009,RENNES,TOULOUSE,48.07,-1.73,43.63,1.37,1701,59847,59416,431,0.2
629,2014,RENNES,TOULOUSE,48.07,-1.73,43.63,1.37,1673,59640,59413,227,0
630,2019,RENNES,TOULOUSE,48.07,-1.73,43.63,1.37,1614,92807,92673,134,0
631,2009,ST-NAZAIRE,TOULOUSE,47.31,-2.16,43.63,1.37,1185,12643,4391,8252,8742
632,2014,ST-NAZAIRE,TOULOUSE,47.31,-2.16,43.63,1.37,1248,14516,14253,263,10848
633,2019,ST-NAZAIRE,TOULOUSE,47.31,-2.16,43.63,1.37,1393,14762,6029,8733,15853
634,1999,STRASBOURG,TOULOUSE,48.54,7.63,43.63,1.37,3018,36446,25695,10751,6
635,2004,STRASBOURG,TOULOUSE,48.54,7.63,43.63,1.37,2052,60723,60722,1,2.3
636,2009,STRASBOURG,TOULOUSE,48.54,7.63,43.63,1.37,1785,77559,77511,48,20.3
637,2014,STRASBOURG,TOULOUSE,48.54,7.63,43.63,1.37,1134,122012,121920,92,0
638,2019,STRASBOURG,TOULOUSE,48.54,7.63,43.63,1.37,1497,137569,137432,137,0
639,2014,TOULOUSE,BALE-MULHOUSE,43.63,1.37,47.59,7.53,456,62037,62029,8,0
640,2019,TOULOUSE,BALE-MULHOUSE,43.63,1.37,47.59,7.53,545,78799,78798,1,0
